<?xml version = '1.0' encoding = 'UTF-8'?>
<Diagram class="oracle.dbtools.crest.swingui.logical.DPVLogical" name="Logical" id="96D68FD9-ADCC-F5D1-EE94-900CF632AD98">
<createdBy>Group02</createdBy>
<modifiedBy>Group02</modifiedBy>
<createdTime>2022-09-10 03:37:15 UTC</createdTime>
<autoRoute>false</autoRoute>
<boxInbox>true</boxInbox>
<showLegend>true</showLegend>
<showLabels>true</showLabels>
<showRelAttributes>false</showRelAttributes>
<gridEnabled>false</gridEnabled>
<showGrid>false</showGrid>
<diagramColor>-1</diagramColor>
<display>false</display>
<notation>2</notation>
<showAllDetails>false</showAllDetails>
<showClassificationTypes>true</showClassificationTypes>
<showElements>true</showElements>
<objectViews>
<OView class="oracle.dbtools.crest.swingui.TVLegend" oid="21B2A881-F23A-48E6-E1FD-ABF47520B762" otype="Legend" vid="C635FFB3-CDB9-1DB9-3C22-A95628022BDC">
<hideElementsInCurrentOnly>false</hideElementsInCurrentOnly>
<bounds x="10" y="10" width="228" height="128"/>
</OView>
<OView class="oracle.dbtools.crest.swingui.logical.TVEntity" oid="4FC55C6B-8D67-51B3-7952-06F7B4349FC5" otype="Entity" vid="707C8D88-FBE2-434E-E9F5-D811250FE50F">
<hideElementsInCurrentOnly>false</hideElementsInCurrentOnly>
<bounds x="523" y="476" width="190" height="110"/>
</OView>
<OView class="oracle.dbtools.crest.swingui.logical.TVEntity" oid="595EAF88-19D9-C27A-A509-4E4C8B618F35" otype="Entity" vid="BEEAF532-6223-B4D5-CC05-7F125AF9189B">
<hideElementsInCurrentOnly>false</hideElementsInCurrentOnly>
<bounds x="83" y="1022" width="221" height="110"/>
</OView>
<OView class="oracle.dbtools.crest.swingui.logical.TVEntity" oid="7A24D2F3-9D5B-E56D-33D3-2691692370D7" otype="Entity" vid="B9549C4D-8311-DD37-59BA-DC59F03EE6D2">
<hideElementsInCurrentOnly>false</hideElementsInCurrentOnly>
<bounds x="876" y="147" width="206" height="109"/>
</OView>
<OView class="oracle.dbtools.crest.swingui.logical.TVEntity" oid="83BA24DF-0226-C46C-F69A-F1D5D0A6D83E" otype="Entity" vid="C07B1E54-1489-E2C6-95BB-A3697431628A">
<hideElementsInCurrentOnly>false</hideElementsInCurrentOnly>
<bounds x="62" y="771" width="224" height="115"/>
</OView>
<OView class="oracle.dbtools.crest.swingui.logical.TVEntity" oid="AAF6DDB8-81A1-2050-17FD-8E55205C5E23" otype="Entity" vid="201345EF-77A0-D0C3-4CF3-2057EF016B45">
<hideElementsInCurrentOnly>false</hideElementsInCurrentOnly>
<bounds x="708" y="1062" width="240" height="190"/>
</OView>
<OView class="oracle.dbtools.crest.swingui.logical.TVEntity" oid="AE1E7B49-8D44-B835-C6BE-5E333A36BD8B" otype="Entity" vid="A74ABC77-D621-DBAC-2893-8943051476D3">
<hideElementsInCurrentOnly>false</hideElementsInCurrentOnly>
<bounds x="1059" y="1143" width="183" height="142"/>
</OView>
<OView class="oracle.dbtools.crest.swingui.logical.TVEntity" oid="B0E89A61-1DA9-63CB-87FA-7FAD96FB7E87" otype="Entity" vid="C12BC050-DF1F-D2E2-DF2E-B48AFC4B782B">
<hideElementsInCurrentOnly>false</hideElementsInCurrentOnly>
<bounds x="898" y="461" width="190" height="116"/>
</OView>
<OView class="oracle.dbtools.crest.swingui.logical.TVEntity" oid="B83AEA3F-8B8A-05D6-31EA-16CC97877957" otype="Entity" vid="E8B1BBE0-2A08-2639-42DA-4A80161E2B1D">
<hideElementsInCurrentOnly>false</hideElementsInCurrentOnly>
<bounds x="80" y="442" width="224" height="187"/>
</OView>
<OView class="oracle.dbtools.crest.swingui.logical.TVEntity" oid="C52865E6-73F9-F026-0D4E-03FFE5EEE927" otype="Entity" vid="8F17B2B5-DB0E-0A9D-98F6-58481B8E0732">
<hideElementsInCurrentOnly>false</hideElementsInCurrentOnly>
<bounds x="494" y="127" width="242" height="161"/>
</OView>
<OView class="oracle.dbtools.crest.swingui.logical.TVEntity" oid="CDBA733B-954A-43F3-F574-3EED60DE7F77" otype="Entity" vid="2A420901-5716-8AC3-38C7-C0B644482A64">
<hideElementsInCurrentOnly>false</hideElementsInCurrentOnly>
<bounds x="1188" y="150" width="228" height="107"/>
</OView>
<OView class="oracle.dbtools.crest.swingui.logical.TVEntity" oid="CE48EDE6-B52F-41E6-56D9-04F1AA7ACD8C" otype="Entity" vid="3B0520A9-2D8F-C575-73EA-2E38A952CC77">
<hideElementsInCurrentOnly>false</hideElementsInCurrentOnly>
<bounds x="710" y="1318" width="236" height="175"/>
</OView>
<OView class="oracle.dbtools.crest.swingui.logical.TVEntity" oid="F25D5507-76B1-B5E0-4CED-17ACF767F15E" otype="Entity" vid="B1C58C2B-1095-8F29-F8BF-00D06109276B">
<hideElementsInCurrentOnly>false</hideElementsInCurrentOnly>
<bounds x="694" y="746" width="266" height="218"/>
</OView>
</objectViews>
<connectors>
<Connector class="oracle.dbtools.crest.swingui.logical.TVRelation" oid="0F59FCF6-9EC4-8056-0165-3F0777295D63" otype="Relation" vid_source="C07B1E54-1489-E2C6-95BB-A3697431628A" vid_target="E8B1BBE0-2A08-2639-42DA-4A80161E2B1D">
<hideElementsInCurrentOnly>false</hideElementsInCurrentOnly>
<backgroundColor>-16777216</backgroundColor>
<lineWidth>1</lineWidth>
<sourceLabel class="oracle.dbtools.crest.model.design.Label">
<site>0</site>
<labelBounds x="183" y="735" width="34" height="30"/>
<noBackgroundColor>true</noBackgroundColor>
<noForegroundColor>true</noForegroundColor>
</sourceLabel>
<targetLabel class="oracle.dbtools.crest.model.design.Label">
<site>2</site>
<labelBounds x="183" y="673" width="12" height="28"/>
<noBackgroundColor>true</noBackgroundColor>
<noForegroundColor>true</noForegroundColor>
</targetLabel>
<points>
<point x="183" y="771"/>
<point x="183" y="629"/>
</points>
</Connector>
<Connector class="oracle.dbtools.crest.swingui.logical.TVRelation" oid="1FFA9614-4ABA-44D1-CDD4-6A9B0F10FC14" otype="Relation" vid_source="3B0520A9-2D8F-C575-73EA-2E38A952CC77" vid_target="3B0520A9-2D8F-C575-73EA-2E38A952CC77">
<hideElementsInCurrentOnly>false</hideElementsInCurrentOnly>
<backgroundColor>-16777216</backgroundColor>
<lineWidth>1</lineWidth>
<sourceLabel class="oracle.dbtools.crest.model.design.Label">
<site>0</site>
<labelBounds x="971" y="1403" width="58" height="33"/>
<noBackgroundColor>true</noBackgroundColor>
<noForegroundColor>true</noForegroundColor>
</sourceLabel>
<targetLabel class="oracle.dbtools.crest.model.design.Label">
<site>2</site>
<labelBounds x="848" y="1504" width="12" height="28"/>
<noBackgroundColor>true</noBackgroundColor>
<noForegroundColor>true</noForegroundColor>
</targetLabel>
<points>
<point x="946" y="1421"/>
<point x="971" y="1421"/>
<point x="971" y="1517"/>
<point x="848" y="1517"/>
<point x="848" y="1493"/>
</points>
</Connector>
<Connector class="oracle.dbtools.crest.swingui.logical.TVRelation" oid="20681913-BE4D-472E-83B2-AB903798918F" otype="Relation" vid_source="B9549C4D-8311-DD37-59BA-DC59F03EE6D2" vid_target="8F17B2B5-DB0E-0A9D-98F6-58481B8E0732">
<hideElementsInCurrentOnly>false</hideElementsInCurrentOnly>
<backgroundColor>-16777216</backgroundColor>
<lineWidth>1</lineWidth>
<sourceLabel class="oracle.dbtools.crest.model.design.Label">
<site>0</site>
<labelBounds x="815" y="171" width="55" height="30"/>
<noBackgroundColor>true</noBackgroundColor>
<noForegroundColor>true</noForegroundColor>
</sourceLabel>
<targetLabel class="oracle.dbtools.crest.model.design.Label">
<site>2</site>
<labelBounds x="746" y="204" width="18" height="30"/>
<noBackgroundColor>true</noBackgroundColor>
<noForegroundColor>true</noForegroundColor>
</targetLabel>
<points>
<point x="876" y="201"/>
<point x="736" y="201"/>
</points>
</Connector>
<Connector class="oracle.dbtools.crest.swingui.logical.TVRelation" oid="2E224741-2BD3-51F2-C1A1-55018EE54955" otype="Relation" vid_source="8F17B2B5-DB0E-0A9D-98F6-58481B8E0732" vid_target="707C8D88-FBE2-434E-E9F5-D811250FE50F">
<hideElementsInCurrentOnly>false</hideElementsInCurrentOnly>
<backgroundColor>-16777216</backgroundColor>
<lineWidth>1</lineWidth>
<sourceLabel class="oracle.dbtools.crest.model.design.Label">
<site>0</site>
<labelBounds x="633" y="332" width="63" height="30"/>
<noBackgroundColor>true</noBackgroundColor>
<noForegroundColor>true</noForegroundColor>
</sourceLabel>
<targetLabel class="oracle.dbtools.crest.model.design.Label">
<site>2</site>
<labelBounds x="633" y="416" width="18" height="30"/>
<noBackgroundColor>true</noBackgroundColor>
<noForegroundColor>true</noForegroundColor>
</targetLabel>
<points>
<point x="633" y="288"/>
<point x="633" y="476"/>
</points>
</Connector>
<Connector class="oracle.dbtools.crest.swingui.logical.TVRelation" oid="3002F64C-5E3F-425E-DEE6-67D052CBD8D8" otype="Relation" vid_source="201345EF-77A0-D0C3-4CF3-2057EF016B45" vid_target="B1C58C2B-1095-8F29-F8BF-00D06109276B">
<hideElementsInCurrentOnly>false</hideElementsInCurrentOnly>
<backgroundColor>-16777216</backgroundColor>
<lineWidth>1</lineWidth>
<sourceLabel class="oracle.dbtools.crest.model.design.Label">
<site>0</site>
<labelBounds x="828" y="1007" width="48" height="33"/>
<noBackgroundColor>true</noBackgroundColor>
<noForegroundColor>true</noForegroundColor>
</sourceLabel>
<targetLabel class="oracle.dbtools.crest.model.design.Label">
<site>2</site>
<labelBounds x="828" y="1019" width="18" height="33"/>
<noBackgroundColor>true</noBackgroundColor>
<noForegroundColor>true</noForegroundColor>
</targetLabel>
<points>
<point x="828" y="1062"/>
<point x="828" y="964"/>
</points>
</Connector>
<Connector class="oracle.dbtools.crest.swingui.logical.TVRelation" oid="46A83096-91AC-1CC7-018A-1C59FE87B07D" otype="Relation" vid_source="3B0520A9-2D8F-C575-73EA-2E38A952CC77" vid_target="201345EF-77A0-D0C3-4CF3-2057EF016B45">
<hideElementsInCurrentOnly>false</hideElementsInCurrentOnly>
<backgroundColor>-16777216</backgroundColor>
<lineWidth>1</lineWidth>
<sourceLabel class="oracle.dbtools.crest.model.design.Label">
<site>0</site>
<labelBounds x="828" y="1279" width="54" height="33"/>
<noBackgroundColor>true</noBackgroundColor>
<noForegroundColor>true</noForegroundColor>
</sourceLabel>
<targetLabel class="oracle.dbtools.crest.model.design.Label">
<site>2</site>
<labelBounds x="828" y="1291" width="18" height="33"/>
<noBackgroundColor>true</noBackgroundColor>
<noForegroundColor>true</noForegroundColor>
</targetLabel>
<points>
<point x="828" y="1318"/>
<point x="828" y="1252"/>
</points>
</Connector>
<Connector class="oracle.dbtools.crest.swingui.logical.TVRelation" oid="5527F93B-AC91-3239-2E7A-36495E54FCA6" otype="Relation" vid_source="3B0520A9-2D8F-C575-73EA-2E38A952CC77" vid_target="B1C58C2B-1095-8F29-F8BF-00D06109276B">
<hideElementsInCurrentOnly>false</hideElementsInCurrentOnly>
<backgroundColor>-16777216</backgroundColor>
<lineWidth>1</lineWidth>
<sourceLabel class="oracle.dbtools.crest.model.design.Label">
<site>0</site>
<labelBounds x="645" y="1429" width="59" height="36"/>
<noBackgroundColor>true</noBackgroundColor>
<noForegroundColor>true</noForegroundColor>
</sourceLabel>
<targetLabel class="oracle.dbtools.crest.model.design.Label">
<site>2</site>
<labelBounds x="670" y="869" width="18" height="33"/>
<noBackgroundColor>true</noBackgroundColor>
<noForegroundColor>true</noForegroundColor>
</targetLabel>
<points>
<point x="710" y="1465"/>
<point x="567" y="1465"/>
<point x="567" y="866"/>
<point x="694" y="866"/>
</points>
</Connector>
<Connector class="oracle.dbtools.crest.swingui.logical.TVRelation" oid="603C0C93-BB1A-0DCE-9B90-40DB3FE21283" otype="Relation" vid_source="C12BC050-DF1F-D2E2-DF2E-B48AFC4B782B" vid_target="707C8D88-FBE2-434E-E9F5-D811250FE50F">
<hideElementsInCurrentOnly>false</hideElementsInCurrentOnly>
<backgroundColor>-16777216</backgroundColor>
<lineWidth>1</lineWidth>
<sourceLabel class="oracle.dbtools.crest.model.design.Label">
<site>0</site>
<labelBounds x="861" y="511" width="31" height="30"/>
<noBackgroundColor>true</noBackgroundColor>
<noForegroundColor>true</noForegroundColor>
</sourceLabel>
<targetLabel class="oracle.dbtools.crest.model.design.Label">
<site>2</site>
<labelBounds x="723" y="544" width="18" height="30"/>
<noBackgroundColor>true</noBackgroundColor>
<noForegroundColor>true</noForegroundColor>
</targetLabel>
<points>
<point x="898" y="541"/>
<point x="713" y="541"/>
</points>
</Connector>
<Connector class="oracle.dbtools.crest.swingui.logical.TVRelation" oid="625BAFBA-F5DA-C0C8-5D9D-D8AC1EC8C067" otype="Relation" vid_source="A74ABC77-D621-DBAC-2893-8943051476D3" vid_target="201345EF-77A0-D0C3-4CF3-2057EF016B45">
<hideElementsInCurrentOnly>false</hideElementsInCurrentOnly>
<backgroundColor>-16777216</backgroundColor>
<lineWidth>1</lineWidth>
<sourceLabel class="oracle.dbtools.crest.model.design.Label">
<site>0</site>
<labelBounds x="999" y="1164" width="54" height="33"/>
<noBackgroundColor>true</noBackgroundColor>
<noForegroundColor>true</noForegroundColor>
</sourceLabel>
<targetLabel class="oracle.dbtools.crest.model.design.Label">
<site>2</site>
<labelBounds x="958" y="1200" width="18" height="33"/>
<noBackgroundColor>true</noBackgroundColor>
<noForegroundColor>true</noForegroundColor>
</targetLabel>
<points>
<point x="1059" y="1197"/>
<point x="948" y="1197"/>
</points>
</Connector>
<Connector class="oracle.dbtools.crest.swingui.logical.TVRelation" oid="6DA94B6E-6896-5088-11A0-B85EB183D4B0" otype="Relation" vid_source="BEEAF532-6223-B4D5-CC05-7F125AF9189B" vid_target="C07B1E54-1489-E2C6-95BB-A3697431628A">
<hideElementsInCurrentOnly>false</hideElementsInCurrentOnly>
<backgroundColor>-16777216</backgroundColor>
<lineWidth>1</lineWidth>
<sourceLabel class="oracle.dbtools.crest.model.design.Label">
<site>0</site>
<labelBounds x="184" y="986" width="55" height="30"/>
<noBackgroundColor>true</noBackgroundColor>
<noForegroundColor>true</noForegroundColor>
</sourceLabel>
<targetLabel class="oracle.dbtools.crest.model.design.Label">
<site>2</site>
<labelBounds x="184" y="930" width="18" height="30"/>
<noBackgroundColor>true</noBackgroundColor>
<noForegroundColor>true</noForegroundColor>
</targetLabel>
<points>
<point x="184" y="1022"/>
<point x="184" y="886"/>
</points>
</Connector>
<Connector class="oracle.dbtools.crest.swingui.logical.TVRelation" oid="83140D28-05D3-8351-F202-5C12F854D798" otype="Relation" vid_source="2A420901-5716-8AC3-38C7-C0B644482A64" vid_target="B9549C4D-8311-DD37-59BA-DC59F03EE6D2">
<hideElementsInCurrentOnly>false</hideElementsInCurrentOnly>
<backgroundColor>-16777216</backgroundColor>
<lineWidth>1</lineWidth>
<sourceLabel class="oracle.dbtools.crest.model.design.Label">
<site>0</site>
<labelBounds x="1127" y="203" width="55" height="30"/>
<noBackgroundColor>true</noBackgroundColor>
<noForegroundColor>true</noForegroundColor>
</sourceLabel>
<targetLabel class="oracle.dbtools.crest.model.design.Label">
<site>2</site>
<labelBounds x="1092" y="208" width="18" height="30"/>
<noBackgroundColor>true</noBackgroundColor>
<noForegroundColor>true</noForegroundColor>
</targetLabel>
<points>
<point x="1188" y="203"/>
<point x="1082" y="208"/>
</points>
</Connector>
<Connector class="oracle.dbtools.crest.swingui.logical.TVRelation" oid="87C6ED77-2D18-E36C-484D-D93E0AB4A1E7" otype="Relation" vid_source="E8B1BBE0-2A08-2639-42DA-4A80161E2B1D" vid_target="707C8D88-FBE2-434E-E9F5-D811250FE50F">
<hideElementsInCurrentOnly>false</hideElementsInCurrentOnly>
<backgroundColor>-16777216</backgroundColor>
<lineWidth>1</lineWidth>
<sourceLabel class="oracle.dbtools.crest.model.design.Label">
<site>0</site>
<labelBounds x="314" y="501" width="60" height="30"/>
<noBackgroundColor>true</noBackgroundColor>
<noForegroundColor>true</noForegroundColor>
</sourceLabel>
<targetLabel class="oracle.dbtools.crest.model.design.Label">
<site>2</site>
<labelBounds x="499" y="534" width="18" height="30"/>
<noBackgroundColor>true</noBackgroundColor>
<noForegroundColor>true</noForegroundColor>
</targetLabel>
<points>
<point x="304" y="531"/>
<point x="523" y="531"/>
</points>
</Connector>
<Connector class="oracle.dbtools.crest.swingui.logical.TVRelation" oid="983A4262-9331-8D98-A9D5-5A59D7A4DA3E" otype="Relation" vid_source="3B0520A9-2D8F-C575-73EA-2E38A952CC77" vid_target="B1C58C2B-1095-8F29-F8BF-00D06109276B">
<hideElementsInCurrentOnly>false</hideElementsInCurrentOnly>
<backgroundColor>-16777216</backgroundColor>
<lineWidth>1</lineWidth>
<sourceLabel class="oracle.dbtools.crest.model.design.Label">
<site>0</site>
<labelBounds x="646" y="1371" width="58" height="32"/>
<noBackgroundColor>true</noBackgroundColor>
<noForegroundColor>true</noForegroundColor>
</sourceLabel>
<targetLabel class="oracle.dbtools.crest.model.design.Label">
<site>2</site>
<labelBounds x="670" y="917" width="18" height="30"/>
<noBackgroundColor>true</noBackgroundColor>
<noForegroundColor>true</noForegroundColor>
</targetLabel>
<points>
<point x="710" y="1403"/>
<point x="635" y="1403"/>
<point x="634" y="914"/>
<point x="694" y="914"/>
</points>
</Connector>
<Connector class="oracle.dbtools.crest.swingui.logical.TVRelation" oid="BA623E2C-DE4D-4BBE-0606-819EECE06555" otype="Relation" vid_source="707C8D88-FBE2-434E-E9F5-D811250FE50F" vid_target="B1C58C2B-1095-8F29-F8BF-00D06109276B">
<hideElementsInCurrentOnly>false</hideElementsInCurrentOnly>
<backgroundColor>-16777216</backgroundColor>
<lineWidth>1</lineWidth>
<sourceLabel class="oracle.dbtools.crest.model.design.Label">
<site>0</site>
<labelBounds x="620" y="622" width="68" height="30"/>
<noBackgroundColor>true</noBackgroundColor>
<noForegroundColor>true</noForegroundColor>
</sourceLabel>
<targetLabel class="oracle.dbtools.crest.model.design.Label">
<site>2</site>
<labelBounds x="818" y="702" width="18" height="30"/>
<noBackgroundColor>true</noBackgroundColor>
<noForegroundColor>true</noForegroundColor>
</targetLabel>
<points>
<point x="620" y="586"/>
<point x="620" y="664"/>
<point x="818" y="663"/>
<point x="818" y="746"/>
</points>
</Connector>
</connectors>
</Diagram>
