<?xml version = '1.0' encoding = 'UTF-8'?>
<Entity class="oracle.dbtools.crest.model.design.logical.Entity" directorySegmentName="seg_0" id="4FC55C6B-8D67-51B3-7952-06F7B4349FC5" name="TRUCK_TRAIL_COMBO">
<createdBy>josh</createdBy>
<createdTime>2022-09-10 03:49:52 UTC</createdTime>
<ownerDesignName>monash_haulers</ownerDesignName>
<engineerTo>
<item key="F4D6C245-BA09-4191-3142-318B37870F57" value="true"/>
</engineerTo>
<adequatelyNormalized>NO</adequatelyNormalized>
<expectedVolumes>0</expectedVolumes>
<fwdEngineeringStrategyName>Single Table</fwdEngineeringStrategyName>
<growthPercent>0</growthPercent>
<growthType>Year</growthType>
<maxVolumes>9999999</maxVolumes>
<minVolumes>0</minVolumes>
<normalForm>Third</normalForm>
<attributes itemClass="oracle.dbtools.crest.model.design.logical.Attribute">
<Attribute name="truck_trail_no" id="42151DAF-5237-1390-D19A-12B0942973CC">
<createdBy>josh</createdBy>
<createdTime>2022-09-13 03:49:55 UTC</createdTime>
<commentInRDBMS><![CDATA[surrogate key for TRUCK_TRAIL_COMBO]]></commentInRDBMS>
<ownerDesignName>monash_haulers</ownerDesignName>
<engineerTo>
<item key="F4D6C245-BA09-4191-3142-318B37870F57" value="true"/>
</engineerTo>
<useDomainConstraints>false</useDomainConstraints>
<use>1</use>
<logicalDatatype>LOGDT025</logicalDatatype>
<dataTypeSize>5</dataTypeSize>
<ownDataTypeParameters>5,,</ownDataTypeParameters>
</Attribute>
<Attribute name="combo_code" id="C7E2035A-F1F6-1211-08DA-1C334A1FC2DB">
<createdBy>josh</createdBy>
<createdTime>2022-09-10 03:50:11 UTC</createdTime>
<commentInRDBMS><![CDATA[truck and trailer combination code]]></commentInRDBMS>
<ownerDesignName>monash_haulers</ownerDesignName>
<engineerTo>
<item key="F4D6C245-BA09-4191-3142-318B37870F57" value="true"/>
</engineerTo>
<useDomainConstraints>false</useDomainConstraints>
<use>1</use>
<logicalDatatype>LOGDT025</logicalDatatype>
<dataTypeSize>3</dataTypeSize>
<ownDataTypeParameters>3,,</ownDataTypeParameters>
</Attribute>
<Attribute name="purpose_no" id="185D718A-B403-0BC7-C191-A0BC25B261E6">
<createdBy>josh</createdBy>
<createdTime>2022-09-13 03:39:25 UTC</createdTime>
<commentInRDBMS><![CDATA[purpose number]]></commentInRDBMS>
<generatorID>603C0C93-BB1A-0DCE-9B90-40DB3FE21283</generatorID>
<ownerDesignName>monash_haulers</ownerDesignName>
<engineerTo>
<item key="F4D6C245-BA09-4191-3142-318B37870F57" value="true"/>
</engineerTo>
<referedAttribute>DD4083EF-A267-0CB7-580B-315AA114AA20</referedAttribute>
<useDomainConstraints>false</useDomainConstraints>
<use>1</use>
<logicalDatatype>LOGDT025</logicalDatatype>
<dataTypeSize>3</dataTypeSize>
<ownDataTypeParameters>3,,</ownDataTypeParameters>
</Attribute>
<Attribute name="trail_code" id="3FC8F55D-EFF1-F970-38D8-A4E3EDC161C9">
<createdBy>josh</createdBy>
<createdTime>2022-09-12 04:33:14 UTC</createdTime>
<commentInRDBMS><![CDATA[trailer code]]></commentInRDBMS>
<generatorID>87C6ED77-2D18-E36C-484D-D93E0AB4A1E7</generatorID>
<ownerDesignName>monash_haulers</ownerDesignName>
<engineerTo>
<item key="F4D6C245-BA09-4191-3142-318B37870F57" value="true"/>
</engineerTo>
<referedAttribute>8A9F47FB-FA0C-E79C-86F2-C61499E67957</referedAttribute>
<useDomainConstraints>false</useDomainConstraints>
<use>1</use>
<logicalDatatype>LOGDT025</logicalDatatype>
<dataTypeSize>5</dataTypeSize>
<ownDataTypeParameters>5,,</ownDataTypeParameters>
</Attribute>
<Attribute name="truck_vin" id="60E5FE1F-4E3E-80EE-9B4B-9340FBD1EB95">
<createdBy>josh</createdBy>
<createdTime>2022-09-12 11:05:30 UTC</createdTime>
<commentInRDBMS><![CDATA[truck VIN]]></commentInRDBMS>
<generatorID>2E224741-2BD3-51F2-C1A1-55018EE54955</generatorID>
<ownerDesignName>monash_haulers</ownerDesignName>
<engineerTo>
<item key="F4D6C245-BA09-4191-3142-318B37870F57" value="true"/>
</engineerTo>
<referedAttribute>393582DC-0E32-4F51-776B-9EB61BE7B67F</referedAttribute>
<useDomainConstraints>false</useDomainConstraints>
<use>1</use>
<logicalDatatype>LOGDT025</logicalDatatype>
<dataTypeSize>17</dataTypeSize>
<ownDataTypeParameters>17,,</ownDataTypeParameters>
</Attribute>
</attributes>
<identifiers itemClass="oracle.dbtools.crest.model.design.logical.CandidateKey">
<identifier id="8DAB54F8-80B7-2575-D8BB-F2DB4439BFD4" name="TRUCK_TRAIL_COMBO PK">
<createdBy>josh</createdBy>
<createdTime>2022-09-10 03:51:35 UTC</createdTime>
<ownerDesignName>monash_haulers</ownerDesignName>
<shouldEngineer>false</shouldEngineer>
<engineerTo>
<item key="F4D6C245-BA09-4191-3142-318B37870F57" value="false"/>
</engineerTo>
<pk>true</pk>
<usedAttributes>
<attributeRef>42151DAF-5237-1390-D19A-12B0942973CC</attributeRef>
</usedAttributes>
</identifier>
<identifier id="297FC35E-3356-B96A-AAC9-98BC1617B255" name="TRUCK_TRAIL_COMBO_NK">
<createdBy>josh</createdBy>
<createdTime>2022-09-13 03:55:03 UTC</createdTime>
<ownerDesignName>monash_haulers</ownerDesignName>
<shouldEngineer>false</shouldEngineer>
<engineerTo>
<item key="F4D6C245-BA09-4191-3142-318B37870F57" value="false"/>
</engineerTo>
<newElementsIDs>185D718A-B403-0BC7-C191-A0BC25B261E6,C7E2035A-F1F6-1211-08DA-1C334A1FC2DB</newElementsIDs>
<usedAttributes>
<attributeRef>185D718A-B403-0BC7-C191-A0BC25B261E6</attributeRef>
<attributeRef>C7E2035A-F1F6-1211-08DA-1C334A1FC2DB</attributeRef>
</usedAttributes>
</identifier>
</identifiers>
</Entity>
