<?xml version = '1.0' encoding = 'UTF-8'?>
<Entity class="oracle.dbtools.crest.model.design.logical.Entity" directorySegmentName="seg_0" id="595EAF88-19D9-C27A-A509-4E4C8B618F35" name="TRAILER_CLASS">
<createdBy>josh</createdBy>
<createdTime>2022-09-13 11:01:48 UTC</createdTime>
<ownerDesignName>monash_haulers</ownerDesignName>
<engineerTo>
<item key="F4D6C245-BA09-4191-3142-318B37870F57" value="true"/>
</engineerTo>
<adequatelyNormalized>NO</adequatelyNormalized>
<expectedVolumes>0</expectedVolumes>
<fwdEngineeringStrategyName>Single Table</fwdEngineeringStrategyName>
<growthPercent>0</growthPercent>
<growthType>Year</growthType>
<maxVolumes>9999999</maxVolumes>
<minVolumes>0</minVolumes>
<normalForm>Third</normalForm>
<attributes itemClass="oracle.dbtools.crest.model.design.logical.Attribute">
<Attribute name="trailer_c_name" id="1E2C9D1A-20B8-8C8A-CDBB-166A61D11CAA">
<createdBy>josh</createdBy>
<createdTime>2022-09-13 11:06:44 UTC</createdTime>
<commentInRDBMS><![CDATA[trailer class name]]></commentInRDBMS>
<ownerDesignName>monash_haulers</ownerDesignName>
<engineerTo>
<item key="F4D6C245-BA09-4191-3142-318B37870F57" value="true"/>
</engineerTo>
<useDomainConstraints>false</useDomainConstraints>
<use>1</use>
<logicalDatatype>LOGDT024</logicalDatatype>
<dataTypeSize>15</dataTypeSize>
<ownDataTypeParameters>15,,</ownDataTypeParameters>
</Attribute>
<Attribute name="trailer_c_daily_rate" id="E17D67E9-A6A5-D26B-AFD9-230BEBFE8EAB">
<createdBy>josh</createdBy>
<createdTime>2022-09-13 11:05:04 UTC</createdTime>
<commentInRDBMS><![CDATA[trailer daily hire rate]]></commentInRDBMS>
<ownerDesignName>monash_haulers</ownerDesignName>
<engineerTo>
<item key="F4D6C245-BA09-4191-3142-318B37870F57" value="true"/>
</engineerTo>
<useDomainConstraints>false</useDomainConstraints>
<use>1</use>
<logicalDatatype>LOGDT019</logicalDatatype>
<dataTypePrecision>3</dataTypePrecision>
<ownDataTypeParameters>,3,</ownDataTypeParameters>
</Attribute>
</attributes>
<identifiers itemClass="oracle.dbtools.crest.model.design.logical.CandidateKey">
<identifier id="6BA60FB6-239D-8A80-04A8-0F2B14984425" name="TRAIL_CLASS PK">
<createdBy>josh</createdBy>
<createdTime>2022-09-13 11:07:03 UTC</createdTime>
<ownerDesignName>monash_haulers</ownerDesignName>
<engineerTo>
<item key="F4D6C245-BA09-4191-3142-318B37870F57" value="true"/>
</engineerTo>
<pk>true</pk>
<usedAttributes>
<attributeRef>1E2C9D1A-20B8-8C8A-CDBB-166A61D11CAA</attributeRef>
</usedAttributes>
</identifier>
</identifiers>
</Entity>
