<?xml version = '1.0' encoding = 'UTF-8'?>
<Entity class="oracle.dbtools.crest.model.design.logical.Entity" directorySegmentName="seg_0" id="7A24D2F3-9D5B-E56D-33D3-2691692370D7" name="TRUCK_TYPE">
<createdBy>josh</createdBy>
<createdTime>2022-09-13 11:12:14 UTC</createdTime>
<ownerDesignName>monash_haulers</ownerDesignName>
<engineerTo>
<item key="F4D6C245-BA09-4191-3142-318B37870F57" value="true"/>
</engineerTo>
<adequatelyNormalized>NO</adequatelyNormalized>
<expectedVolumes>0</expectedVolumes>
<fwdEngineeringStrategyName>Single Table</fwdEngineeringStrategyName>
<growthPercent>0</growthPercent>
<growthType>Year</growthType>
<maxVolumes>9999999</maxVolumes>
<minVolumes>0</minVolumes>
<normalForm>Third</normalForm>
<attributes itemClass="oracle.dbtools.crest.model.design.logical.Attribute">
<Attribute name="truck_make" id="D866F66B-9A57-E24B-444B-B00EE7C891B1">
<createdBy>josh</createdBy>
<createdTime>2022-09-13 11:13:54 UTC</createdTime>
<commentInRDBMS><![CDATA[truck_make]]></commentInRDBMS>
<ownerDesignName>monash_haulers</ownerDesignName>
<engineerTo>
<item key="F4D6C245-BA09-4191-3142-318B37870F57" value="true"/>
</engineerTo>
<useDomainConstraints>false</useDomainConstraints>
<use>1</use>
<logicalDatatype>LOGDT024</logicalDatatype>
<dataTypeSize>30</dataTypeSize>
<ownDataTypeParameters>30,,</ownDataTypeParameters>
</Attribute>
<Attribute name="truck_model" id="2E11E7B2-F13E-92AC-B25A-9E9D2CA80939">
<createdBy>josh</createdBy>
<createdTime>2022-09-13 11:14:11 UTC</createdTime>
<commentInRDBMS><![CDATA[truck model]]></commentInRDBMS>
<ownerDesignName>monash_haulers</ownerDesignName>
<engineerTo>
<item key="F4D6C245-BA09-4191-3142-318B37870F57" value="true"/>
</engineerTo>
<useDomainConstraints>false</useDomainConstraints>
<use>1</use>
<logicalDatatype>LOGDT024</logicalDatatype>
<dataTypeSize>30</dataTypeSize>
<ownDataTypeParameters>30,,</ownDataTypeParameters>
</Attribute>
<Attribute name="truck_class_name" id="89B86B77-4D2A-D883-D024-D1662E391645">
<createdBy>josh</createdBy>
<createdTime>2022-09-13 11:18:10 UTC</createdTime>
<commentInRDBMS><![CDATA[truck class name]]></commentInRDBMS>
<generatorID>83140D28-05D3-8351-F202-5C12F854D798</generatorID>
<ownerDesignName>monash_haulers</ownerDesignName>
<engineerTo>
<item key="F4D6C245-BA09-4191-3142-318B37870F57" value="true"/>
</engineerTo>
<referedAttribute>79E0FE3A-87B0-758D-E955-BC68CEA130EA</referedAttribute>
<useDomainConstraints>false</useDomainConstraints>
<use>1</use>
<logicalDatatype>LOGDT024</logicalDatatype>
<dataTypeSize>15</dataTypeSize>
<ownDataTypeParameters>,,</ownDataTypeParameters>
</Attribute>
</attributes>
<identifiers itemClass="oracle.dbtools.crest.model.design.logical.CandidateKey">
<identifier id="E407B01D-7390-05FD-4160-2C49F9205224" name="TRUCK_TYPE PK">
<createdBy>josh</createdBy>
<createdTime>2022-09-13 11:14:06 UTC</createdTime>
<ownerDesignName>monash_haulers</ownerDesignName>
<engineerTo>
<item key="F4D6C245-BA09-4191-3142-318B37870F57" value="true"/>
</engineerTo>
<pk>true</pk>
<usedAttributes>
<attributeRef>D866F66B-9A57-E24B-444B-B00EE7C891B1</attributeRef>
<attributeRef>2E11E7B2-F13E-92AC-B25A-9E9D2CA80939</attributeRef>
</usedAttributes>
</identifier>
</identifiers>
</Entity>
