<?xml version = '1.0' encoding = 'UTF-8'?>
<Entity class="oracle.dbtools.crest.model.design.logical.Entity" directorySegmentName="seg_0" id="83BA24DF-0226-C46C-F69A-F1D5D0A6D83E" name="TRAILER_TYPE">
<createdBy>sneha</createdBy>
<createdTime>2022-09-10 06:12:16 UTC</createdTime>
<ownerDesignName>monash_haulers</ownerDesignName>
<engineerTo>
<item key="F4D6C245-BA09-4191-3142-318B37870F57" value="true"/>
</engineerTo>
<adequatelyNormalized>NO</adequatelyNormalized>
<expectedVolumes>0</expectedVolumes>
<fwdEngineeringStrategyName>Single Table</fwdEngineeringStrategyName>
<growthPercent>0</growthPercent>
<growthType>Year</growthType>
<maxVolumes>9999999</maxVolumes>
<minVolumes>0</minVolumes>
<normalForm>Third</normalForm>
<attributes itemClass="oracle.dbtools.crest.model.design.logical.Attribute">
<Attribute name="trail_model" id="A298E3C3-4D20-4013-F8B3-72E9A7D5DB74">
<createdBy>josh</createdBy>
<createdTime>2022-09-13 10:59:18 UTC</createdTime>
<commentInRDBMS><![CDATA[trailer model]]></commentInRDBMS>
<ownerDesignName>monash_haulers</ownerDesignName>
<engineerTo>
<item key="F4D6C245-BA09-4191-3142-318B37870F57" value="true"/>
</engineerTo>
<useDomainConstraints>false</useDomainConstraints>
<use>1</use>
<logicalDatatype>LOGDT024</logicalDatatype>
<dataTypeSize>30</dataTypeSize>
<ownDataTypeParameters>30,,</ownDataTypeParameters>
</Attribute>
<Attribute name="trail_manufacturer" id="5C6BB639-D4A8-D776-3388-F5A729C9D3A1">
<createdBy>josh</createdBy>
<createdTime>2022-09-13 10:59:32 UTC</createdTime>
<commentInRDBMS><![CDATA[trailer make]]></commentInRDBMS>
<ownerDesignName>monash_haulers</ownerDesignName>
<engineerTo>
<item key="F4D6C245-BA09-4191-3142-318B37870F57" value="true"/>
</engineerTo>
<useDomainConstraints>false</useDomainConstraints>
<use>1</use>
<logicalDatatype>LOGDT024</logicalDatatype>
<dataTypeSize>30</dataTypeSize>
<ownDataTypeParameters>30,,</ownDataTypeParameters>
</Attribute>
<Attribute name="trailer_c_name" id="F650EDA5-E1CD-E02B-DFCC-A6A7355F4042">
<createdBy>josh</createdBy>
<createdTime>2022-09-13 11:07:04 UTC</createdTime>
<commentInRDBMS><![CDATA[trailer class name]]></commentInRDBMS>
<generatorID>6DA94B6E-6896-5088-11A0-B85EB183D4B0</generatorID>
<ownerDesignName>monash_haulers</ownerDesignName>
<engineerTo>
<item key="F4D6C245-BA09-4191-3142-318B37870F57" value="true"/>
</engineerTo>
<referedAttribute>1E2C9D1A-20B8-8C8A-CDBB-166A61D11CAA</referedAttribute>
<useDomainConstraints>false</useDomainConstraints>
<use>1</use>
<logicalDatatype>LOGDT024</logicalDatatype>
<dataTypeSize>15</dataTypeSize>
<ownDataTypeParameters>,,</ownDataTypeParameters>
</Attribute>
</attributes>
<identifiers itemClass="oracle.dbtools.crest.model.design.logical.CandidateKey">
<identifier id="C388AD2B-DD61-8247-9C8A-F73D932C17F6" name="TRAILER_CLASS PK">
<createdBy>sneha</createdBy>
<createdTime>2022-09-10 06:12:52 UTC</createdTime>
<ownerDesignName>monash_haulers</ownerDesignName>
<shouldEngineer>false</shouldEngineer>
<engineerTo>
<item key="F4D6C245-BA09-4191-3142-318B37870F57" value="false"/>
</engineerTo>
<pk>true</pk>
<usedAttributes>
<attributeRef>A298E3C3-4D20-4013-F8B3-72E9A7D5DB74</attributeRef>
<attributeRef>5C6BB639-D4A8-D776-3388-F5A729C9D3A1</attributeRef>
</usedAttributes>
</identifier>
</identifiers>
</Entity>
