<?xml version = '1.0' encoding = 'UTF-8'?>
<Entity class="oracle.dbtools.crest.model.design.logical.Entity" directorySegmentName="seg_0" id="AAF6DDB8-81A1-2050-17FD-8E55205C5E23" name="QUOTE">
<createdBy>sneha</createdBy>
<createdTime>2022-09-10 06:37:52 UTC</createdTime>
<ownerDesignName>monash_haulers</ownerDesignName>
<engineerTo>
<item key="F4D6C245-BA09-4191-3142-318B37870F57" value="true"/>
</engineerTo>
<adequatelyNormalized>NO</adequatelyNormalized>
<expectedVolumes>0</expectedVolumes>
<fwdEngineeringStrategyName>Single Table</fwdEngineeringStrategyName>
<growthPercent>0</growthPercent>
<growthType>Year</growthType>
<maxVolumes>9999999</maxVolumes>
<minVolumes>0</minVolumes>
<normalForm>Third</normalForm>
<attributes itemClass="oracle.dbtools.crest.model.design.logical.Attribute">
<Attribute name="quote_no" id="5959E60F-6047-09AE-33F8-E05F9AF480F1">
<createdBy>sneha</createdBy>
<createdTime>2022-09-10 06:38:03 UTC</createdTime>
<commentInRDBMS><![CDATA[quote  number]]></commentInRDBMS>
<ownerDesignName>monash_haulers</ownerDesignName>
<engineerTo>
<item key="F4D6C245-BA09-4191-3142-318B37870F57" value="true"/>
</engineerTo>
<constraintName>quote_number_range</constraintName>
<useDomainConstraints>false</useDomainConstraints>
<use>1</use>
<logicalDatatype>LOGDT025</logicalDatatype>
<dataTypeSize>4</dataTypeSize>
<ownDataTypeParameters>4,,</ownDataTypeParameters>
<listOfRanges>
<rangeDef class="oracle.dbtools.crest.model.design.constraint.AVT">
<beginValue>1000</beginValue>
<endValue>9999</endValue>
<description>quote number ranges</description>
</rangeDef>
</listOfRanges>
</Attribute>
<Attribute name="quote_booking_start_date" id="4671D42E-4090-7DCD-C2A3-98470C11EBD5">
<createdBy>sneha</createdBy>
<createdTime>2022-09-10 06:40:18 UTC</createdTime>
<commentInRDBMS><![CDATA[quote booking start date]]></commentInRDBMS>
<ownerDesignName>monash_haulers</ownerDesignName>
<engineerTo>
<item key="F4D6C245-BA09-4191-3142-318B37870F57" value="true"/>
</engineerTo>
<useDomainConstraints>false</useDomainConstraints>
<use>1</use>
<logicalDatatype>LOGDT007</logicalDatatype>
<ownDataTypeParameters>,,</ownDataTypeParameters>
</Attribute>
<Attribute name="quote_pickup_location" id="0470A265-5133-2FAE-C535-0BD661735CCF">
<createdBy>sneha</createdBy>
<createdTime>2022-09-10 06:41:23 UTC</createdTime>
<commentInRDBMS><![CDATA[quote pickup location]]></commentInRDBMS>
<ownerDesignName>monash_haulers</ownerDesignName>
<engineerTo>
<item key="F4D6C245-BA09-4191-3142-318B37870F57" value="true"/>
</engineerTo>
<useDomainConstraints>false</useDomainConstraints>
<use>1</use>
<logicalDatatype>LOGDT024</logicalDatatype>
<dataTypeSize>50</dataTypeSize>
<ownDataTypeParameters>50,,</ownDataTypeParameters>
</Attribute>
<Attribute name="quote_dropoff_location" id="9BAF9120-FB79-0E3F-1163-45657939A33D">
<createdBy>sneha</createdBy>
<createdTime>2022-09-10 06:42:04 UTC</createdTime>
<commentInRDBMS><![CDATA[quote dropoff location]]></commentInRDBMS>
<ownerDesignName>monash_haulers</ownerDesignName>
<engineerTo>
<item key="F4D6C245-BA09-4191-3142-318B37870F57" value="true"/>
</engineerTo>
<useDomainConstraints>false</useDomainConstraints>
<use>1</use>
<logicalDatatype>LOGDT024</logicalDatatype>
<dataTypeSize>50</dataTypeSize>
<ownDataTypeParameters>50,,</ownDataTypeParameters>
</Attribute>
<Attribute name="quote_purpose" id="BD3800B4-72C4-5984-B95C-10D379B70F18">
<createdBy>sneha</createdBy>
<createdTime>2022-09-10 06:42:42 UTC</createdTime>
<commentInRDBMS><![CDATA[quote purpose]]></commentInRDBMS>
<ownerDesignName>monash_haulers</ownerDesignName>
<engineerTo>
<item key="F4D6C245-BA09-4191-3142-318B37870F57" value="true"/>
</engineerTo>
<useDomainConstraints>false</useDomainConstraints>
<use>1</use>
<logicalDatatype>LOGDT024</logicalDatatype>
<dataTypeSize>50</dataTypeSize>
<ownDataTypeParameters>50,,</ownDataTypeParameters>
</Attribute>
<Attribute name="quote_cost" id="5797B764-9607-C946-6D64-8F64ECF1E614">
<createdBy>sneha</createdBy>
<createdTime>2022-09-10 06:43:28 UTC</createdTime>
<commentInRDBMS><![CDATA[quote cost]]></commentInRDBMS>
<ownerDesignName>monash_haulers</ownerDesignName>
<engineerTo>
<item key="F4D6C245-BA09-4191-3142-318B37870F57" value="true"/>
</engineerTo>
<constraintName>quote_costs</constraintName>
<useDomainConstraints>false</useDomainConstraints>
<use>1</use>
<logicalDatatype>LOGDT019</logicalDatatype>
<dataTypePrecision>7</dataTypePrecision>
<dataTypeScale>2</dataTypeScale>
<ownDataTypeParameters>,7,2</ownDataTypeParameters>
<listOfRanges>
<rangeDef class="oracle.dbtools.crest.model.design.constraint.AVT">
<beginValue>1</beginValue>
<endValue>9999.99</endValue>
<description>quote range</description>
</rangeDef>
</listOfRanges>
</Attribute>
<Attribute name="quote_initiated_date" id="4B16FE0C-B372-794B-73C0-B6EFC8B77071">
<createdBy>sneha</createdBy>
<createdTime>2022-09-10 06:44:30 UTC</createdTime>
<commentInRDBMS><![CDATA[quote initiated date]]></commentInRDBMS>
<ownerDesignName>monash_haulers</ownerDesignName>
<engineerTo>
<item key="F4D6C245-BA09-4191-3142-318B37870F57" value="true"/>
</engineerTo>
<useDomainConstraints>false</useDomainConstraints>
<use>1</use>
<logicalDatatype>LOGDT007</logicalDatatype>
<ownDataTypeParameters>,,</ownDataTypeParameters>
</Attribute>
<Attribute name="quote_status" id="504A4D6C-CC8B-040E-B60E-E731EC2A3BCC">
<createdBy>sneha</createdBy>
<createdTime>2022-09-10 06:45:03 UTC</createdTime>
<commentInRDBMS><![CDATA[quote status (filled or unfullfilled)]]></commentInRDBMS>
<ownerDesignName>monash_haulers</ownerDesignName>
<engineerTo>
<item key="F4D6C245-BA09-4191-3142-318B37870F57" value="true"/>
</engineerTo>
<constraintName>quote_status</constraintName>
<useDomainConstraints>false</useDomainConstraints>
<use>1</use>
<logicalDatatype>LOGDT025</logicalDatatype>
<dataTypeSize>1</dataTypeSize>
<listOfValues>
<valueDef value="F" description="Fullfilled"/>
<valueDef value="U" description="Unfullfilled"/>
</listOfValues>
<ownDataTypeParameters>1,,</ownDataTypeParameters>
</Attribute>
<Attribute name="cust_no" id="A08B1610-8CA4-D68C-124A-137AA780A678">
<createdBy>josh</createdBy>
<createdTime>2022-09-11 02:48:40 UTC</createdTime>
<commentInRDBMS><![CDATA[customer number]]></commentInRDBMS>
<generatorID>625BAFBA-F5DA-C0C8-5D9D-D8AC1EC8C067</generatorID>
<ownerDesignName>monash_haulers</ownerDesignName>
<engineerTo>
<item key="F4D6C245-BA09-4191-3142-318B37870F57" value="true"/>
</engineerTo>
<referedAttribute>0F795E0B-F0A0-256C-D1DC-4C303A1CA55E</referedAttribute>
<useDomainConstraints>false</useDomainConstraints>
<use>1</use>
<logicalDatatype>LOGDT025</logicalDatatype>
<dataTypeSize>6</dataTypeSize>
<ownDataTypeParameters>6,,</ownDataTypeParameters>
</Attribute>
<Attribute name="emp_no" id="704A4120-1409-321F-207A-A17DFE1BFD6B">
<createdBy>josh</createdBy>
<createdTime>2022-09-11 02:59:02 UTC</createdTime>
<commentInRDBMS><![CDATA[employee number]]></commentInRDBMS>
<generatorID>46A83096-91AC-1CC7-018A-1C59FE87B07D</generatorID>
<ownerDesignName>monash_haulers</ownerDesignName>
<engineerTo>
<item key="F4D6C245-BA09-4191-3142-318B37870F57" value="true"/>
</engineerTo>
<referedAttribute>08E43FF2-307C-46D9-858E-3856550115BC</referedAttribute>
<useDomainConstraints>false</useDomainConstraints>
<use>1</use>
<logicalDatatype>LOGDT025</logicalDatatype>
<dataTypeSize>6</dataTypeSize>
<ownDataTypeParameters>6,,</ownDataTypeParameters>
</Attribute>
</attributes>
<identifiers itemClass="oracle.dbtools.crest.model.design.logical.CandidateKey">
<identifier id="E40DF061-0F96-57C9-7A8C-C9A4FF476EA0" name="QUOTE PK">
<createdBy>sneha</createdBy>
<createdTime>2022-09-10 06:40:02 UTC</createdTime>
<ownerDesignName>monash_haulers</ownerDesignName>
<shouldEngineer>false</shouldEngineer>
<engineerTo>
<item key="F4D6C245-BA09-4191-3142-318B37870F57" value="false"/>
</engineerTo>
<pk>true</pk>
<usedAttributes>
<attributeRef>5959E60F-6047-09AE-33F8-E05F9AF480F1</attributeRef>
</usedAttributes>
</identifier>
</identifiers>
</Entity>
