<?xml version = '1.0' encoding = 'UTF-8'?>
<Entity class="oracle.dbtools.crest.model.design.logical.Entity" directorySegmentName="seg_0" id="AE1E7B49-8D44-B835-C6BE-5E333A36BD8B" name="CUSTOMER">
<createdBy>sneha</createdBy>
<createdTime>2022-09-10 06:14:00 UTC</createdTime>
<ownerDesignName>monash_haulers</ownerDesignName>
<engineerTo>
<item key="F4D6C245-BA09-4191-3142-318B37870F57" value="true"/>
</engineerTo>
<adequatelyNormalized>NO</adequatelyNormalized>
<expectedVolumes>0</expectedVolumes>
<fwdEngineeringStrategyName>Single Table</fwdEngineeringStrategyName>
<growthPercent>0</growthPercent>
<growthType>Year</growthType>
<maxVolumes>9999999</maxVolumes>
<minVolumes>0</minVolumes>
<normalForm>Third</normalForm>
<attributes itemClass="oracle.dbtools.crest.model.design.logical.Attribute">
<Attribute name="cust_no" id="0F795E0B-F0A0-256C-D1DC-4C303A1CA55E">
<createdBy>sneha</createdBy>
<createdTime>2022-09-10 06:14:09 UTC</createdTime>
<commentInRDBMS><![CDATA[customer number]]></commentInRDBMS>
<ownerDesignName>monash_haulers</ownerDesignName>
<engineerTo>
<item key="F4D6C245-BA09-4191-3142-318B37870F57" value="true"/>
</engineerTo>
<useDomainConstraints>false</useDomainConstraints>
<use>1</use>
<logicalDatatype>LOGDT025</logicalDatatype>
<dataTypeSize>6</dataTypeSize>
<ownDataTypeParameters>6,,</ownDataTypeParameters>
</Attribute>
<Attribute name="cust_fam_name" id="02C061A5-C4D6-5441-D3CE-5FC9B8EAB618">
<createdBy>sneha</createdBy>
<createdTime>2022-09-10 06:15:06 UTC</createdTime>
<commentInRDBMS><![CDATA[customer family name]]></commentInRDBMS>
<ownerDesignName>monash_haulers</ownerDesignName>
<engineerTo>
<item key="F4D6C245-BA09-4191-3142-318B37870F57" value="true"/>
</engineerTo>
<useDomainConstraints>false</useDomainConstraints>
<use>1</use>
<logicalDatatype>LOGDT024</logicalDatatype>
<dataTypeSize>30</dataTypeSize>
<ownDataTypeParameters>30,,</ownDataTypeParameters>
</Attribute>
<Attribute name="cust_given_name" id="48495703-13D5-3808-0F21-70A475551C24">
<createdBy>sneha</createdBy>
<createdTime>2022-09-10 06:15:45 UTC</createdTime>
<commentInRDBMS><![CDATA[customer given name]]></commentInRDBMS>
<ownerDesignName>monash_haulers</ownerDesignName>
<engineerTo>
<item key="F4D6C245-BA09-4191-3142-318B37870F57" value="true"/>
</engineerTo>
<useDomainConstraints>false</useDomainConstraints>
<use>1</use>
<logicalDatatype>LOGDT024</logicalDatatype>
<dataTypeSize>30</dataTypeSize>
<ownDataTypeParameters>30,,</ownDataTypeParameters>
</Attribute>
<Attribute name="cust_buss_name" id="0CC91656-EDA4-791B-FFE0-316B2D841BFB">
<createdBy>sneha</createdBy>
<createdTime>2022-09-10 06:16:23 UTC</createdTime>
<commentInRDBMS><![CDATA[customer business name]]></commentInRDBMS>
<ownerDesignName>monash_haulers</ownerDesignName>
<engineerTo>
<item key="F4D6C245-BA09-4191-3142-318B37870F57" value="true"/>
</engineerTo>
<useDomainConstraints>false</useDomainConstraints>
<use>1</use>
<logicalDatatype>LOGDT024</logicalDatatype>
<dataTypeSize>30</dataTypeSize>
<ownDataTypeParameters>30,,</ownDataTypeParameters>
</Attribute>
<Attribute name="cust_address" id="99DE5DF3-1DD3-5E9E-8BA1-80C09268EF02">
<createdBy>sneha</createdBy>
<createdTime>2022-09-10 06:16:59 UTC</createdTime>
<commentInRDBMS><![CDATA[customer address]]></commentInRDBMS>
<ownerDesignName>monash_haulers</ownerDesignName>
<engineerTo>
<item key="F4D6C245-BA09-4191-3142-318B37870F57" value="true"/>
</engineerTo>
<useDomainConstraints>false</useDomainConstraints>
<use>1</use>
<logicalDatatype>LOGDT024</logicalDatatype>
<dataTypeSize>50</dataTypeSize>
<ownDataTypeParameters>50,,</ownDataTypeParameters>
</Attribute>
<Attribute name="cust_contact_no" id="8830FF74-1E6B-FABA-480B-1222450FE80A">
<createdBy>sneha</createdBy>
<createdTime>2022-09-10 06:17:37 UTC</createdTime>
<commentInRDBMS><![CDATA[customer contact number]]></commentInRDBMS>
<ownerDesignName>monash_haulers</ownerDesignName>
<engineerTo>
<item key="F4D6C245-BA09-4191-3142-318B37870F57" value="true"/>
</engineerTo>
<useDomainConstraints>false</useDomainConstraints>
<use>1</use>
<logicalDatatype>LOGDT025</logicalDatatype>
<dataTypeSize>10</dataTypeSize>
<ownDataTypeParameters>10,,</ownDataTypeParameters>
</Attribute>
</attributes>
<identifiers itemClass="oracle.dbtools.crest.model.design.logical.CandidateKey">
<identifier id="09A79032-73F7-F098-4143-E33DF51E474A" name="CUSTOMER PK">
<createdBy>sneha</createdBy>
<createdTime>2022-09-10 06:14:42 UTC</createdTime>
<ownerDesignName>monash_haulers</ownerDesignName>
<shouldEngineer>false</shouldEngineer>
<engineerTo>
<item key="F4D6C245-BA09-4191-3142-318B37870F57" value="false"/>
</engineerTo>
<pk>true</pk>
<usedAttributes>
<attributeRef>0F795E0B-F0A0-256C-D1DC-4C303A1CA55E</attributeRef>
</usedAttributes>
</identifier>
</identifiers>
</Entity>
