<?xml version = '1.0' encoding = 'UTF-8'?>
<Entity class="oracle.dbtools.crest.model.design.logical.Entity" directorySegmentName="seg_0" id="B0E89A61-1DA9-63CB-87FA-7FAD96FB7E87" name="PURPOSE">
<createdBy>josh</createdBy>
<createdTime>2022-09-10 03:47:30 UTC</createdTime>
<ownerDesignName>monash_haulers</ownerDesignName>
<engineerTo>
<item key="F4D6C245-BA09-4191-3142-318B37870F57" value="true"/>
</engineerTo>
<adequatelyNormalized>NO</adequatelyNormalized>
<expectedVolumes>0</expectedVolumes>
<fwdEngineeringStrategyName>Single Table</fwdEngineeringStrategyName>
<growthPercent>0</growthPercent>
<growthType>Year</growthType>
<maxVolumes>9999999</maxVolumes>
<minVolumes>0</minVolumes>
<normalForm>Third</normalForm>
<attributes itemClass="oracle.dbtools.crest.model.design.logical.Attribute">
<Attribute name="purpose_no" id="DD4083EF-A267-0CB7-580B-315AA114AA20">
<createdBy>josh</createdBy>
<createdTime>2022-09-10 03:47:47 UTC</createdTime>
<commentInRDBMS><![CDATA[purpose number]]></commentInRDBMS>
<ownerDesignName>monash_haulers</ownerDesignName>
<engineerTo>
<item key="F4D6C245-BA09-4191-3142-318B37870F57" value="true"/>
</engineerTo>
<useDomainConstraints>false</useDomainConstraints>
<use>1</use>
<logicalDatatype>LOGDT025</logicalDatatype>
<dataTypeSize>3</dataTypeSize>
<ownDataTypeParameters>3,,</ownDataTypeParameters>
</Attribute>
<Attribute name="purpose_desc" id="78B5E96D-1107-9086-27A9-7CEB6347B322">
<createdBy>josh</createdBy>
<createdTime>2022-09-10 03:47:48 UTC</createdTime>
<commentInRDBMS><![CDATA[purpose description]]></commentInRDBMS>
<ownerDesignName>monash_haulers</ownerDesignName>
<engineerTo>
<item key="F4D6C245-BA09-4191-3142-318B37870F57" value="true"/>
</engineerTo>
<useDomainConstraints>false</useDomainConstraints>
<use>1</use>
<logicalDatatype>LOGDT024</logicalDatatype>
<dataTypeSize>50</dataTypeSize>
<ownDataTypeParameters>50,,</ownDataTypeParameters>
</Attribute>
</attributes>
<identifiers itemClass="oracle.dbtools.crest.model.design.logical.CandidateKey">
<identifier id="3325B3A6-100F-C999-4C53-0CE41EB6B2CA" name="PURPOSE PK">
<createdBy>josh</createdBy>
<createdTime>2022-09-10 03:48:17 UTC</createdTime>
<ownerDesignName>monash_haulers</ownerDesignName>
<shouldEngineer>false</shouldEngineer>
<engineerTo>
<item key="F4D6C245-BA09-4191-3142-318B37870F57" value="false"/>
</engineerTo>
<pk>true</pk>
<usedAttributes>
<attributeRef>DD4083EF-A267-0CB7-580B-315AA114AA20</attributeRef>
</usedAttributes>
</identifier>
</identifiers>
</Entity>
