<?xml version = '1.0' encoding = 'UTF-8'?>
<Entity class="oracle.dbtools.crest.model.design.logical.Entity" directorySegmentName="seg_0" id="B83AEA3F-8B8A-05D6-31EA-16CC97877957" name="TRAILER">
<createdBy>josh</createdBy>
<createdTime>2022-09-10 03:58:17 UTC</createdTime>
<ownerDesignName>monash_haulers</ownerDesignName>
<engineerTo>
<item key="F4D6C245-BA09-4191-3142-318B37870F57" value="true"/>
</engineerTo>
<adequatelyNormalized>NO</adequatelyNormalized>
<expectedVolumes>0</expectedVolumes>
<fwdEngineeringStrategyName>Single Table</fwdEngineeringStrategyName>
<growthPercent>0</growthPercent>
<growthType>Year</growthType>
<maxVolumes>9999999</maxVolumes>
<minVolumes>0</minVolumes>
<normalForm>Third</normalForm>
<attributes itemClass="oracle.dbtools.crest.model.design.logical.Attribute">
<Attribute name="trail_code" id="8A9F47FB-FA0C-E79C-86F2-C61499E67957">
<createdBy>josh</createdBy>
<createdTime>2022-09-10 03:58:23 UTC</createdTime>
<commentInRDBMS><![CDATA[trailer code]]></commentInRDBMS>
<ownerDesignName>monash_haulers</ownerDesignName>
<engineerTo>
<item key="F4D6C245-BA09-4191-3142-318B37870F57" value="true"/>
</engineerTo>
<useDomainConstraints>false</useDomainConstraints>
<use>1</use>
<logicalDatatype>LOGDT025</logicalDatatype>
<dataTypeSize>5</dataTypeSize>
<ownDataTypeParameters>5,,</ownDataTypeParameters>
</Attribute>
<Attribute name="trail_class" id="E952D0B2-09CD-A997-60D6-56D5356FEB90">
<createdBy>josh</createdBy>
<createdTime>2022-09-10 04:00:15 UTC</createdTime>
<commentInRDBMS><![CDATA[trailer class]]></commentInRDBMS>
<ownerDesignName>monash_haulers</ownerDesignName>
<engineerTo>
<item key="F4D6C245-BA09-4191-3142-318B37870F57" value="true"/>
</engineerTo>
<useDomainConstraints>false</useDomainConstraints>
<use>1</use>
<logicalDatatype>LOGDT024</logicalDatatype>
<dataTypeSize>5</dataTypeSize>
<ownDataTypeParameters>5,,</ownDataTypeParameters>
</Attribute>
<Attribute name="trail_load_cap" id="7DEA63FA-B2EC-26F1-0BD9-D61DA4EE50BE">
<createdBy>josh</createdBy>
<createdTime>2022-09-10 04:00:45 UTC</createdTime>
<commentInRDBMS><![CDATA[trailer load capacity (in kg)]]></commentInRDBMS>
<ownerDesignName>monash_haulers</ownerDesignName>
<engineerTo>
<item key="F4D6C245-BA09-4191-3142-318B37870F57" value="true"/>
</engineerTo>
<useDomainConstraints>false</useDomainConstraints>
<use>1</use>
<logicalDatatype>LOGDT019</logicalDatatype>
<dataTypePrecision>5</dataTypePrecision>
<ownDataTypeParameters>,5,</ownDataTypeParameters>
</Attribute>
<Attribute name="trail_purch_date" id="FE76A77F-6320-230D-7679-F5B044F49E0D">
<createdBy>sneha</createdBy>
<createdTime>2022-09-10 05:39:31 UTC</createdTime>
<commentInRDBMS><![CDATA[Trailer purchase date time]]></commentInRDBMS>
<ownerDesignName>monash_haulers</ownerDesignName>
<engineerTo>
<item key="F4D6C245-BA09-4191-3142-318B37870F57" value="true"/>
</engineerTo>
<useDomainConstraints>false</useDomainConstraints>
<use>1</use>
<logicalDatatype>LOGDT007</logicalDatatype>
<ownDataTypeParameters>,,</ownDataTypeParameters>
</Attribute>
<Attribute name="trail_cost" id="008D668B-4838-8B3C-B8A6-BD0409FFD0C7">
<createdBy>josh</createdBy>
<createdTime>2022-09-11 01:29:05 UTC</createdTime>
<commentInRDBMS><![CDATA[trailier cost]]></commentInRDBMS>
<ownerDesignName>monash_haulers</ownerDesignName>
<engineerTo>
<item key="F4D6C245-BA09-4191-3142-318B37870F57" value="true"/>
</engineerTo>
<useDomainConstraints>false</useDomainConstraints>
<use>1</use>
<logicalDatatype>LOGDT019</logicalDatatype>
<dataTypePrecision>8</dataTypePrecision>
<dataTypeScale>2</dataTypeScale>
<ownDataTypeParameters>,8,2</ownDataTypeParameters>
</Attribute>
<Attribute name="trail_len" id="4E27FF63-09CB-E65B-C1DC-A5F7F83EA02D">
<createdBy>josh</createdBy>
<createdTime>2022-09-12 10:26:52 UTC</createdTime>
<commentInRDBMS><![CDATA[trailer length (in m)]]></commentInRDBMS>
<ownerDesignName>monash_haulers</ownerDesignName>
<engineerTo>
<item key="F4D6C245-BA09-4191-3142-318B37870F57" value="true"/>
</engineerTo>
<useDomainConstraints>false</useDomainConstraints>
<use>1</use>
<logicalDatatype>LOGDT019</logicalDatatype>
<dataTypePrecision>3</dataTypePrecision>
<dataTypeScale>2</dataTypeScale>
<ownDataTypeParameters>,3,2</ownDataTypeParameters>
</Attribute>
<Attribute name="trail_width" id="EBAF648B-2DEC-A328-7036-FFFB6565FB5B">
<createdBy>josh</createdBy>
<createdTime>2022-09-12 10:28:04 UTC</createdTime>
<ownerDesignName>monash_haulers</ownerDesignName>
<engineerTo>
<item key="F4D6C245-BA09-4191-3142-318B37870F57" value="true"/>
</engineerTo>
<useDomainConstraints>false</useDomainConstraints>
<use>1</use>
<logicalDatatype>LOGDT019</logicalDatatype>
<dataTypePrecision>3</dataTypePrecision>
<dataTypeScale>2</dataTypeScale>
<ownDataTypeParameters>,3,2</ownDataTypeParameters>
</Attribute>
<Attribute name="trail_model" id="719082CF-6A7E-B351-7CDB-BE347A44D462">
<createdBy>josh</createdBy>
<createdTime>2022-09-13 11:07:54 UTC</createdTime>
<commentInRDBMS><![CDATA[trailer model]]></commentInRDBMS>
<generatorID>0F59FCF6-9EC4-8056-0165-3F0777295D63</generatorID>
<ownerDesignName>monash_haulers</ownerDesignName>
<engineerTo>
<item key="F4D6C245-BA09-4191-3142-318B37870F57" value="true"/>
</engineerTo>
<referedAttribute>A298E3C3-4D20-4013-F8B3-72E9A7D5DB74</referedAttribute>
<useDomainConstraints>false</useDomainConstraints>
<use>1</use>
<logicalDatatype>LOGDT024</logicalDatatype>
<dataTypeSize>30</dataTypeSize>
<ownDataTypeParameters>,,</ownDataTypeParameters>
</Attribute>
<Attribute name="trail_manufacturer" id="0B59084C-94A9-4CD3-785E-516571211291">
<createdBy>josh</createdBy>
<createdTime>2022-09-13 11:07:54 UTC</createdTime>
<commentInRDBMS><![CDATA[trailer make]]></commentInRDBMS>
<generatorID>0F59FCF6-9EC4-8056-0165-3F0777295D63</generatorID>
<ownerDesignName>monash_haulers</ownerDesignName>
<engineerTo>
<item key="F4D6C245-BA09-4191-3142-318B37870F57" value="true"/>
</engineerTo>
<referedAttribute>5C6BB639-D4A8-D776-3388-F5A729C9D3A1</referedAttribute>
<useDomainConstraints>false</useDomainConstraints>
<use>1</use>
<logicalDatatype>LOGDT024</logicalDatatype>
<dataTypeSize>30</dataTypeSize>
<ownDataTypeParameters>,,</ownDataTypeParameters>
</Attribute>
</attributes>
<identifiers itemClass="oracle.dbtools.crest.model.design.logical.CandidateKey">
<identifier id="303AB7DF-E23D-B6A3-1882-F3510E528BFF" name="TRAILER PK">
<createdBy>josh</createdBy>
<createdTime>2022-09-10 03:58:34 UTC</createdTime>
<ownerDesignName>monash_haulers</ownerDesignName>
<shouldEngineer>false</shouldEngineer>
<engineerTo>
<item key="F4D6C245-BA09-4191-3142-318B37870F57" value="false"/>
</engineerTo>
<pk>true</pk>
<usedAttributes>
<attributeRef>8A9F47FB-FA0C-E79C-86F2-C61499E67957</attributeRef>
</usedAttributes>
</identifier>
</identifiers>
</Entity>
