<?xml version = '1.0' encoding = 'UTF-8'?>
<Entity class="oracle.dbtools.crest.model.design.logical.Entity" directorySegmentName="seg_0" id="C52865E6-73F9-F026-0D4E-03FFE5EEE927" name="TRUCK">
<createdBy>josh</createdBy>
<createdTime>2022-09-10 03:54:05 UTC</createdTime>
<ownerDesignName>monash_haulers</ownerDesignName>
<engineerTo>
<item key="F4D6C245-BA09-4191-3142-318B37870F57" value="true"/>
</engineerTo>
<adequatelyNormalized>NO</adequatelyNormalized>
<expectedVolumes>0</expectedVolumes>
<fwdEngineeringStrategyName>Single Table</fwdEngineeringStrategyName>
<growthPercent>0</growthPercent>
<growthType>Year</growthType>
<maxVolumes>9999999</maxVolumes>
<minVolumes>0</minVolumes>
<normalForm>Third</normalForm>
<attributes itemClass="oracle.dbtools.crest.model.design.logical.Attribute">
<Attribute name="truck_vin" id="393582DC-0E32-4F51-776B-9EB61BE7B67F">
<createdBy>josh</createdBy>
<createdTime>2022-09-10 03:54:14 UTC</createdTime>
<commentInRDBMS><![CDATA[truck VIN]]></commentInRDBMS>
<ownerDesignName>monash_haulers</ownerDesignName>
<engineerTo>
<item key="F4D6C245-BA09-4191-3142-318B37870F57" value="true"/>
</engineerTo>
<useDomainConstraints>false</useDomainConstraints>
<use>1</use>
<logicalDatatype>LOGDT025</logicalDatatype>
<dataTypeSize>17</dataTypeSize>
<ownDataTypeParameters>17,,</ownDataTypeParameters>
</Attribute>
<Attribute name="truck_rego" id="D3355B80-98A2-C077-BDD9-F322843E3E84">
<createdBy>josh</createdBy>
<createdTime>2022-09-10 03:54:34 UTC</createdTime>
<commentInRDBMS><![CDATA[truck registration number]]></commentInRDBMS>
<ownerDesignName>monash_haulers</ownerDesignName>
<engineerTo>
<item key="F4D6C245-BA09-4191-3142-318B37870F57" value="true"/>
</engineerTo>
<useDomainConstraints>false</useDomainConstraints>
<use>1</use>
<logicalDatatype>LOGDT025</logicalDatatype>
<dataTypeSize>9</dataTypeSize>
<ownDataTypeParameters>9,,</ownDataTypeParameters>
</Attribute>
<Attribute name="truck_mileage" id="4647A933-2F43-9204-6408-C77198D46D49">
<createdBy>sneha</createdBy>
<createdTime>2022-09-10 05:44:11 UTC</createdTime>
<commentInRDBMS><![CDATA[truck mileage]]></commentInRDBMS>
<ownerDesignName>monash_haulers</ownerDesignName>
<engineerTo>
<item key="F4D6C245-BA09-4191-3142-318B37870F57" value="true"/>
</engineerTo>
<useDomainConstraints>false</useDomainConstraints>
<use>1</use>
<logicalDatatype>LOGDT019</logicalDatatype>
<dataTypePrecision>8</dataTypePrecision>
<dataTypeScale>2</dataTypeScale>
<ownDataTypeParameters>,8,2</ownDataTypeParameters>
</Attribute>
<Attribute name="truck_mileage_last_serv" id="0BB9B71F-C2B1-A95F-69E9-950776AF1AB4">
<createdBy>sneha</createdBy>
<createdTime>2022-09-10 05:47:41 UTC</createdTime>
<commentInRDBMS><![CDATA[truck mileage last serviced]]></commentInRDBMS>
<ownerDesignName>monash_haulers</ownerDesignName>
<engineerTo>
<item key="F4D6C245-BA09-4191-3142-318B37870F57" value="true"/>
</engineerTo>
<useDomainConstraints>false</useDomainConstraints>
<use>1</use>
<logicalDatatype>LOGDT019</logicalDatatype>
<dataTypePrecision>7</dataTypePrecision>
<dataTypeScale>2</dataTypeScale>
<ownDataTypeParameters>,7,2</ownDataTypeParameters>
</Attribute>
<Attribute name="truck_purch_date" id="630BEFC7-C0B4-1A8F-D7DD-AA4A279D8516">
<createdBy>sneha</createdBy>
<createdTime>2022-09-10 05:48:26 UTC</createdTime>
<commentInRDBMS><![CDATA[truck purchase date]]></commentInRDBMS>
<ownerDesignName>monash_haulers</ownerDesignName>
<engineerTo>
<item key="F4D6C245-BA09-4191-3142-318B37870F57" value="true"/>
</engineerTo>
<useDomainConstraints>false</useDomainConstraints>
<use>1</use>
<logicalDatatype>LOGDT007</logicalDatatype>
<ownDataTypeParameters>,,</ownDataTypeParameters>
</Attribute>
<Attribute name="truck_cost" id="7BF2979D-D311-0DD4-5EDF-D042BBEF5E69">
<createdBy>sneha</createdBy>
<createdTime>2022-09-10 05:50:03 UTC</createdTime>
<commentInRDBMS><![CDATA[truck cost]]></commentInRDBMS>
<ownerDesignName>monash_haulers</ownerDesignName>
<engineerTo>
<item key="F4D6C245-BA09-4191-3142-318B37870F57" value="true"/>
</engineerTo>
<useDomainConstraints>false</useDomainConstraints>
<use>1</use>
<logicalDatatype>LOGDT019</logicalDatatype>
<dataTypePrecision>8</dataTypePrecision>
<dataTypeScale>2</dataTypeScale>
<ownDataTypeParameters>,8,2</ownDataTypeParameters>
</Attribute>
<Attribute name="truck_make" id="34E85637-2AF2-F372-0808-45D1B2DF8296">
<createdBy>josh</createdBy>
<createdTime>2022-09-13 11:19:31 UTC</createdTime>
<commentInRDBMS><![CDATA[truck_make]]></commentInRDBMS>
<generatorID>20681913-BE4D-472E-83B2-AB903798918F</generatorID>
<ownerDesignName>monash_haulers</ownerDesignName>
<engineerTo>
<item key="F4D6C245-BA09-4191-3142-318B37870F57" value="true"/>
</engineerTo>
<referedAttribute>D866F66B-9A57-E24B-444B-B00EE7C891B1</referedAttribute>
<useDomainConstraints>false</useDomainConstraints>
<use>1</use>
<logicalDatatype>LOGDT024</logicalDatatype>
<dataTypeSize>30</dataTypeSize>
<ownDataTypeParameters>,,</ownDataTypeParameters>
</Attribute>
<Attribute name="truck_model" id="CB909C57-BFE8-F534-D8AD-05CA63CB7624">
<createdBy>josh</createdBy>
<createdTime>2022-09-13 11:19:31 UTC</createdTime>
<commentInRDBMS><![CDATA[truck model]]></commentInRDBMS>
<generatorID>20681913-BE4D-472E-83B2-AB903798918F</generatorID>
<ownerDesignName>monash_haulers</ownerDesignName>
<engineerTo>
<item key="F4D6C245-BA09-4191-3142-318B37870F57" value="true"/>
</engineerTo>
<referedAttribute>2E11E7B2-F13E-92AC-B25A-9E9D2CA80939</referedAttribute>
<useDomainConstraints>false</useDomainConstraints>
<use>1</use>
<logicalDatatype>LOGDT024</logicalDatatype>
<dataTypeSize>30</dataTypeSize>
<ownDataTypeParameters>,,</ownDataTypeParameters>
</Attribute>
</attributes>
<identifiers itemClass="oracle.dbtools.crest.model.design.logical.CandidateKey">
<identifier id="2E12CB00-5849-51FA-A04F-F84EC49DF880" name="TRUCK PK">
<createdBy>sneha</createdBy>
<createdTime>2022-09-10 05:51:30 UTC</createdTime>
<ownerDesignName>monash_haulers</ownerDesignName>
<shouldEngineer>false</shouldEngineer>
<engineerTo>
<item key="F4D6C245-BA09-4191-3142-318B37870F57" value="false"/>
</engineerTo>
<pk>true</pk>
<usedAttributes>
<attributeRef>393582DC-0E32-4F51-776B-9EB61BE7B67F</attributeRef>
</usedAttributes>
</identifier>
</identifiers>
</Entity>
