<?xml version = '1.0' encoding = 'UTF-8'?>
<Entity class="oracle.dbtools.crest.model.design.logical.Entity" directorySegmentName="seg_0" id="CDBA733B-954A-43F3-F574-3EED60DE7F77" name="TRUCK_CLASS">
<createdBy>sneha</createdBy>
<createdTime>2022-09-10 06:07:19 UTC</createdTime>
<ownerDesignName>monash_haulers</ownerDesignName>
<engineerTo>
<item key="F4D6C245-BA09-4191-3142-318B37870F57" value="true"/>
</engineerTo>
<adequatelyNormalized>NO</adequatelyNormalized>
<expectedVolumes>0</expectedVolumes>
<fwdEngineeringStrategyName>Single Table</fwdEngineeringStrategyName>
<growthPercent>0</growthPercent>
<growthType>Year</growthType>
<maxVolumes>9999999</maxVolumes>
<minVolumes>0</minVolumes>
<normalForm>Third</normalForm>
<attributes itemClass="oracle.dbtools.crest.model.design.logical.Attribute">
<Attribute name="truck_class_name" id="79E0FE3A-87B0-758D-E955-BC68CEA130EA">
<createdBy>sneha</createdBy>
<createdTime>2022-09-10 06:07:36 UTC</createdTime>
<commentInRDBMS><![CDATA[truck class name]]></commentInRDBMS>
<ownerDesignName>monash_haulers</ownerDesignName>
<engineerTo>
<item key="F4D6C245-BA09-4191-3142-318B37870F57" value="true"/>
</engineerTo>
<constraintName>chk_truck_type</constraintName>
<useDomainConstraints>false</useDomainConstraints>
<use>1</use>
<logicalDatatype>LOGDT024</logicalDatatype>
<dataTypeSize>15</dataTypeSize>
<listOfValues>
<valueDef value="1" description="Truck Class 1"/>
<valueDef value="2" description="Truck Class 2"/>
<valueDef value="3" description="Truck Class 3"/>
<valueDef value="4" description="Truck Class 4"/>
<valueDef value="5" description="Truck Class 5"/>
</listOfValues>
<ownDataTypeParameters>15,,</ownDataTypeParameters>
</Attribute>
<Attribute name="truck_driver_hire_rate" id="7B76240C-BC6B-826E-2427-E663D3A4EC10">
<createdBy>sneha</createdBy>
<createdTime>2022-09-10 06:08:29 UTC</createdTime>
<commentInRDBMS><![CDATA[truck driver hire rate]]></commentInRDBMS>
<ownerDesignName>monash_haulers</ownerDesignName>
<engineerTo>
<item key="F4D6C245-BA09-4191-3142-318B37870F57" value="true"/>
</engineerTo>
<useDomainConstraints>false</useDomainConstraints>
<use>1</use>
<logicalDatatype>LOGDT019</logicalDatatype>
<dataTypePrecision>3</dataTypePrecision>
<ownDataTypeParameters>,3,</ownDataTypeParameters>
</Attribute>
<Attribute name="truck_daily_hire_rate" id="4F929CD2-B020-8458-964C-3A975F2251DF">
<createdBy>sneha</createdBy>
<createdTime>2022-09-10 06:09:56 UTC</createdTime>
<commentInRDBMS><![CDATA[truck daily hire rate]]></commentInRDBMS>
<ownerDesignName>monash_haulers</ownerDesignName>
<engineerTo>
<item key="F4D6C245-BA09-4191-3142-318B37870F57" value="true"/>
</engineerTo>
<useDomainConstraints>false</useDomainConstraints>
<use>1</use>
<logicalDatatype>LOGDT019</logicalDatatype>
<dataTypePrecision>3</dataTypePrecision>
<ownDataTypeParameters>,3,</ownDataTypeParameters>
</Attribute>
</attributes>
<identifiers itemClass="oracle.dbtools.crest.model.design.logical.CandidateKey">
<identifier id="5DBE8A42-2A0F-2DE8-13E2-4880326161A9" name="TRUCK_CLASS PK">
<createdBy>sneha</createdBy>
<createdTime>2022-09-10 06:08:57 UTC</createdTime>
<ownerDesignName>monash_haulers</ownerDesignName>
<shouldEngineer>false</shouldEngineer>
<engineerTo>
<item key="F4D6C245-BA09-4191-3142-318B37870F57" value="false"/>
</engineerTo>
<pk>true</pk>
<usedAttributes>
<attributeRef>79E0FE3A-87B0-758D-E955-BC68CEA130EA</attributeRef>
</usedAttributes>
</identifier>
</identifiers>
</Entity>
