<?xml version = '1.0' encoding = 'UTF-8'?>
<Entity class="oracle.dbtools.crest.model.design.logical.Entity" directorySegmentName="seg_0" id="CE48EDE6-B52F-41E6-56D9-04F1AA7ACD8C" name="EMPLOYEE">
<createdBy>sneha</createdBy>
<createdTime>2022-09-10 06:26:34 UTC</createdTime>
<ownerDesignName>monash_haulers</ownerDesignName>
<engineerTo>
<item key="F4D6C245-BA09-4191-3142-318B37870F57" value="true"/>
</engineerTo>
<adequatelyNormalized>NO</adequatelyNormalized>
<expectedVolumes>0</expectedVolumes>
<fwdEngineeringStrategyName>Single Table</fwdEngineeringStrategyName>
<growthPercent>0</growthPercent>
<growthType>Year</growthType>
<maxVolumes>9999999</maxVolumes>
<minVolumes>0</minVolumes>
<normalForm>Third</normalForm>
<attributes itemClass="oracle.dbtools.crest.model.design.logical.Attribute">
<Attribute name="emp_no" id="08E43FF2-307C-46D9-858E-3856550115BC">
<createdBy>sneha</createdBy>
<createdTime>2022-09-10 06:26:45 UTC</createdTime>
<commentInRDBMS><![CDATA[employee number]]></commentInRDBMS>
<ownerDesignName>monash_haulers</ownerDesignName>
<engineerTo>
<item key="F4D6C245-BA09-4191-3142-318B37870F57" value="true"/>
</engineerTo>
<useDomainConstraints>false</useDomainConstraints>
<use>1</use>
<logicalDatatype>LOGDT025</logicalDatatype>
<dataTypeSize>6</dataTypeSize>
<ownDataTypeParameters>6,,</ownDataTypeParameters>
</Attribute>
<Attribute name="emp_role" id="88100794-39C7-361D-778D-A3DC8A58562D">
<createdBy>sneha</createdBy>
<createdTime>2022-09-10 06:29:05 UTC</createdTime>
<commentInRDBMS><![CDATA[employee role (M:  manger, H: mechanic, C: clerk, G:general, D: driver) ]]></commentInRDBMS>
<ownerDesignName>monash_haulers</ownerDesignName>
<engineerTo>
<item key="F4D6C245-BA09-4191-3142-318B37870F57" value="true"/>
</engineerTo>
<constraintName>roles</constraintName>
<useDomainConstraints>false</useDomainConstraints>
<use>1</use>
<logicalDatatype>LOGDT025</logicalDatatype>
<dataTypeSize>1</dataTypeSize>
<listOfValues>
<valueDef value="C" description="clerk"/>
<valueDef value="D" description="driver"/>
<valueDef value="G" description="general"/>
<valueDef value="H" description="mechanic"/>
<valueDef value="M" description="manager"/>
</listOfValues>
<ownDataTypeParameters>1,,</ownDataTypeParameters>
</Attribute>
<Attribute name="emp_contact_no" id="7F95DDC5-5DFB-3A49-193A-1C2923BD422E">
<createdBy>sneha</createdBy>
<createdTime>2022-09-10 06:30:32 UTC</createdTime>
<commentInRDBMS><![CDATA[employee contact number]]></commentInRDBMS>
<ownerDesignName>monash_haulers</ownerDesignName>
<engineerTo>
<item key="F4D6C245-BA09-4191-3142-318B37870F57" value="true"/>
</engineerTo>
<useDomainConstraints>false</useDomainConstraints>
<use>1</use>
<logicalDatatype>LOGDT025</logicalDatatype>
<dataTypeSize>10</dataTypeSize>
<ownDataTypeParameters>10,,</ownDataTypeParameters>
</Attribute>
<Attribute name="emp_tax_file_no" id="19287770-C6F6-D7E0-E962-355B1473A4D1">
<createdBy>sneha</createdBy>
<createdTime>2022-09-10 06:31:04 UTC</createdTime>
<commentInRDBMS><![CDATA[employee tax file number]]></commentInRDBMS>
<ownerDesignName>monash_haulers</ownerDesignName>
<engineerTo>
<item key="F4D6C245-BA09-4191-3142-318B37870F57" value="true"/>
</engineerTo>
<useDomainConstraints>false</useDomainConstraints>
<use>1</use>
<logicalDatatype>LOGDT025</logicalDatatype>
<dataTypeSize>9</dataTypeSize>
<ownDataTypeParameters>9,,</ownDataTypeParameters>
</Attribute>
<Attribute name="emp_salary" id="BAAA03EB-1051-6AB6-0060-603E919E8FAC">
<createdBy>sneha</createdBy>
<createdTime>2022-09-10 06:32:17 UTC</createdTime>
<commentInRDBMS><![CDATA[employee salary ]]></commentInRDBMS>
<ownerDesignName>monash_haulers</ownerDesignName>
<engineerTo>
<item key="F4D6C245-BA09-4191-3142-318B37870F57" value="true"/>
</engineerTo>
<useDomainConstraints>false</useDomainConstraints>
<use>1</use>
<logicalDatatype>LOGDT019</logicalDatatype>
<dataTypePrecision>8</dataTypePrecision>
<dataTypeScale>2</dataTypeScale>
<ownDataTypeParameters>,8,2</ownDataTypeParameters>
<listOfRanges>
<rangeDef class="oracle.dbtools.crest.model.design.constraint.AVT">
<beginValue>1</beginValue>
<endValue>999999.99</endValue>
<description>employee_wage_range</description>
</rangeDef>
</listOfRanges>
</Attribute>
<Attribute name="emp_driver_license_no" id="ECBD3905-AE4A-00FC-1C77-B31509CD44B0">
<createdBy>sneha</createdBy>
<createdTime>2022-09-10 06:33:03 UTC</createdTime>
<commentInRDBMS><![CDATA[employee driver license number]]></commentInRDBMS>
<ownerDesignName>monash_haulers</ownerDesignName>
<engineerTo>
<item key="F4D6C245-BA09-4191-3142-318B37870F57" value="true"/>
</engineerTo>
<useDomainConstraints>false</useDomainConstraints>
<use>1</use>
<logicalDatatype>LOGDT025</logicalDatatype>
<dataTypeSize>10</dataTypeSize>
<ownDataTypeParameters>10,,</ownDataTypeParameters>
</Attribute>
<Attribute name="emp_driver_level" id="A1D208CB-5A19-B813-A581-8D55C9758F9D">
<createdBy>sneha</createdBy>
<createdTime>2022-09-10 06:34:06 UTC</createdTime>
<commentInRDBMS><![CDATA[employee driver level]]></commentInRDBMS>
<ownerDesignName>monash_haulers</ownerDesignName>
<engineerTo>
<item key="F4D6C245-BA09-4191-3142-318B37870F57" value="true"/>
</engineerTo>
<constraintName>driver_class_level</constraintName>
<useDomainConstraints>false</useDomainConstraints>
<use>1</use>
<logicalDatatype>LOGDT025</logicalDatatype>
<dataTypeSize>1</dataTypeSize>
<listOfValues>
<valueDef value="1" description="driver_class_1"/>
<valueDef value="2" description="driver_class_2"/>
<valueDef value="3" description="driver_class_3"/>
</listOfValues>
<ownDataTypeParameters>1,,</ownDataTypeParameters>
</Attribute>
<Attribute name="emp_no1" id="63A9B447-C081-E69D-E7A0-2FCFCBFADD86">
<createdBy>sneha</createdBy>
<createdTime>2022-09-11 06:00:43 UTC</createdTime>
<commentInRDBMS><![CDATA[employee number]]></commentInRDBMS>
<generatorID>1FFA9614-4ABA-44D1-CDD4-6A9B0F10FC14</generatorID>
<ownerDesignName>monash_haulers</ownerDesignName>
<engineerTo>
<item key="F4D6C245-BA09-4191-3142-318B37870F57" value="true"/>
</engineerTo>
<nullsAllowed>true</nullsAllowed>
<referedAttribute>08E43FF2-307C-46D9-858E-3856550115BC</referedAttribute>
<useDomainConstraints>false</useDomainConstraints>
<use>1</use>
<logicalDatatype>LOGDT025</logicalDatatype>
<dataTypeSize>6</dataTypeSize>
<ownDataTypeParameters>6,,</ownDataTypeParameters>
</Attribute>
<Attribute name="emp_given_name" id="1D8BE50F-495B-3CEC-2937-FF72AA0F54C4">
<createdBy>josh</createdBy>
<createdTime>2022-09-13 13:06:00 UTC</createdTime>
<commentInRDBMS><![CDATA[employee given name]]></commentInRDBMS>
<ownerDesignName>monash_haulers</ownerDesignName>
<engineerTo>
<item key="F4D6C245-BA09-4191-3142-318B37870F57" value="true"/>
</engineerTo>
<useDomainConstraints>false</useDomainConstraints>
<use>1</use>
<logicalDatatype>LOGDT024</logicalDatatype>
<dataTypeSize>30</dataTypeSize>
<ownDataTypeParameters>30,,</ownDataTypeParameters>
</Attribute>
<Attribute name="emp_fam_name" id="349DE625-0EFA-FFE3-DDEC-00AE20F6C193">
<createdBy>josh</createdBy>
<createdTime>2022-09-13 13:06:50 UTC</createdTime>
<commentInRDBMS><![CDATA[employee last name]]></commentInRDBMS>
<ownerDesignName>monash_haulers</ownerDesignName>
<engineerTo>
<item key="F4D6C245-BA09-4191-3142-318B37870F57" value="true"/>
</engineerTo>
<useDomainConstraints>false</useDomainConstraints>
<use>1</use>
<logicalDatatype>LOGDT024</logicalDatatype>
<dataTypeSize>30</dataTypeSize>
<ownDataTypeParameters>30,,</ownDataTypeParameters>
</Attribute>
</attributes>
<identifiers itemClass="oracle.dbtools.crest.model.design.logical.CandidateKey">
<identifier id="464B106F-49FC-CD1A-2451-8905D38839B2" name="EMPLOYEE PK">
<createdBy>sneha</createdBy>
<createdTime>2022-09-10 06:29:02 UTC</createdTime>
<ownerDesignName>monash_haulers</ownerDesignName>
<shouldEngineer>false</shouldEngineer>
<engineerTo>
<item key="F4D6C245-BA09-4191-3142-318B37870F57" value="false"/>
</engineerTo>
<pk>true</pk>
<usedAttributes>
<attributeRef>08E43FF2-307C-46D9-858E-3856550115BC</attributeRef>
</usedAttributes>
</identifier>
</identifiers>
</Entity>
