<?xml version = '1.0' encoding = 'UTF-8'?>
<Entity class="oracle.dbtools.crest.model.design.logical.Entity" directorySegmentName="seg_0" id="F25D5507-76B1-B5E0-4CED-17ACF767F15E" name="JOB">
<createdBy>josh</createdBy>
<createdTime>2022-09-10 04:38:31 UTC</createdTime>
<ownerDesignName>monash_haulers</ownerDesignName>
<engineerTo>
<item key="F4D6C245-BA09-4191-3142-318B37870F57" value="true"/>
</engineerTo>
<adequatelyNormalized>NO</adequatelyNormalized>
<expectedVolumes>0</expectedVolumes>
<fwdEngineeringStrategyName>Single Table</fwdEngineeringStrategyName>
<growthPercent>0</growthPercent>
<growthType>Year</growthType>
<maxVolumes>9999999</maxVolumes>
<minVolumes>0</minVolumes>
<normalForm>Third</normalForm>
<attributes itemClass="oracle.dbtools.crest.model.design.logical.Attribute">
<Attribute name="job_no" id="D3C12AE1-B806-8741-673B-19E7C1FDE0E2">
<createdBy>josh</createdBy>
<createdTime>2022-09-10 04:38:37 UTC</createdTime>
<commentInRDBMS><![CDATA[job number]]></commentInRDBMS>
<ownerDesignName>monash_haulers</ownerDesignName>
<engineerTo>
<item key="F4D6C245-BA09-4191-3142-318B37870F57" value="true"/>
</engineerTo>
<useDomainConstraints>false</useDomainConstraints>
<use>1</use>
<logicalDatatype>LOGDT025</logicalDatatype>
<dataTypeSize>4</dataTypeSize>
<ownDataTypeParameters>4,,</ownDataTypeParameters>
</Attribute>
<Attribute name="quote_prepared" id="E317D990-C882-C0BC-85DB-4A8DE17C8978">
<createdBy>josh</createdBy>
<createdTime>2022-09-10 04:41:52 UTC</createdTime>
<commentInRDBMS><![CDATA[date the quote was prepared]]></commentInRDBMS>
<ownerDesignName>monash_haulers</ownerDesignName>
<engineerTo>
<item key="F4D6C245-BA09-4191-3142-318B37870F57" value="true"/>
</engineerTo>
<useDomainConstraints>false</useDomainConstraints>
<use>1</use>
<logicalDatatype>LOGDT007</logicalDatatype>
<ownDataTypeParameters>,,</ownDataTypeParameters>
</Attribute>
<Attribute name="quote_days_req" id="4098C3FC-2026-9CE9-AF18-65EACC5B04B3">
<createdBy>josh</createdBy>
<createdTime>2022-09-10 04:42:23 UTC</createdTime>
<commentInRDBMS><![CDATA[quote number of days]]></commentInRDBMS>
<ownerDesignName>monash_haulers</ownerDesignName>
<engineerTo>
<item key="F4D6C245-BA09-4191-3142-318B37870F57" value="true"/>
</engineerTo>
<useDomainConstraints>false</useDomainConstraints>
<use>1</use>
<logicalDatatype>LOGDT019</logicalDatatype>
<dataTypePrecision>2</dataTypePrecision>
<ownDataTypeParameters>,2,</ownDataTypeParameters>
</Attribute>
<Attribute name="quote_cost" id="F11C0131-8CBE-F8E9-D269-E51D3CD890C9">
<createdBy>josh</createdBy>
<createdTime>2022-09-10 04:45:39 UTC</createdTime>
<commentInRDBMS><![CDATA[quote cost]]></commentInRDBMS>
<ownerDesignName>monash_haulers</ownerDesignName>
<engineerTo>
<item key="F4D6C245-BA09-4191-3142-318B37870F57" value="true"/>
</engineerTo>
<useDomainConstraints>false</useDomainConstraints>
<use>1</use>
<logicalDatatype>LOGDT019</logicalDatatype>
<dataTypePrecision>7</dataTypePrecision>
<dataTypeScale>2</dataTypeScale>
<ownDataTypeParameters>,7,2</ownDataTypeParameters>
</Attribute>
<Attribute name="job_pickup_dt" id="0785670B-01A5-ACBE-7E05-B32A5BE32C7A">
<createdBy>josh</createdBy>
<createdTime>2022-09-10 04:47:07 UTC</createdTime>
<commentInRDBMS><![CDATA[job pickup date and time]]></commentInRDBMS>
<ownerDesignName>monash_haulers</ownerDesignName>
<engineerTo>
<item key="F4D6C245-BA09-4191-3142-318B37870F57" value="true"/>
</engineerTo>
<useDomainConstraints>false</useDomainConstraints>
<use>1</use>
<logicalDatatype>LOGDT007</logicalDatatype>
<ownDataTypeParameters>,,</ownDataTypeParameters>
</Attribute>
<Attribute name="job_intended_dropoff_dt" id="3E2F1ED9-B38D-B46D-AEA5-BA2245A991DE">
<createdBy>josh</createdBy>
<createdTime>2022-09-10 04:48:27 UTC</createdTime>
<commentInRDBMS><![CDATA[job intended dropoff date and time]]></commentInRDBMS>
<ownerDesignName>monash_haulers</ownerDesignName>
<engineerTo>
<item key="F4D6C245-BA09-4191-3142-318B37870F57" value="true"/>
</engineerTo>
<useDomainConstraints>false</useDomainConstraints>
<use>1</use>
<logicalDatatype>LOGDT007</logicalDatatype>
<ownDataTypeParameters>,,</ownDataTypeParameters>
</Attribute>
<Attribute name="job_actual_dropoff_dt" id="A4F98F16-6579-C6D2-F7B4-E062162DF325">
<createdBy>josh</createdBy>
<createdTime>2022-09-10 04:50:52 UTC</createdTime>
<commentInRDBMS><![CDATA[job actual dropoff date and time]]></commentInRDBMS>
<ownerDesignName>monash_haulers</ownerDesignName>
<engineerTo>
<item key="F4D6C245-BA09-4191-3142-318B37870F57" value="true"/>
</engineerTo>
<useDomainConstraints>false</useDomainConstraints>
<use>1</use>
<logicalDatatype>LOGDT007</logicalDatatype>
<ownDataTypeParameters>,,</ownDataTypeParameters>
</Attribute>
<Attribute name="job_cost" id="6535AFA9-9445-B3E3-48E2-0F89DE88D793">
<createdBy>josh</createdBy>
<createdTime>2022-09-10 04:51:41 UTC</createdTime>
<commentInRDBMS><![CDATA[job cost (if actual cost is different to quoted cost)]]></commentInRDBMS>
<ownerDesignName>monash_haulers</ownerDesignName>
<engineerTo>
<item key="F4D6C245-BA09-4191-3142-318B37870F57" value="true"/>
</engineerTo>
<nullsAllowed>true</nullsAllowed>
<useDomainConstraints>false</useDomainConstraints>
<use>1</use>
<logicalDatatype>LOGDT019</logicalDatatype>
<dataTypePrecision>7</dataTypePrecision>
<dataTypeScale>2</dataTypeScale>
<ownDataTypeParameters>,7,2</ownDataTypeParameters>
</Attribute>
<Attribute name="job_paid_date" id="94531B27-F56F-F46B-E97C-FE5B6391BE6B">
<createdBy>josh</createdBy>
<createdTime>2022-09-10 04:53:53 UTC</createdTime>
<commentInRDBMS><![CDATA[date the job was paid]]></commentInRDBMS>
<ownerDesignName>monash_haulers</ownerDesignName>
<engineerTo>
<item key="F4D6C245-BA09-4191-3142-318B37870F57" value="true"/>
</engineerTo>
<useDomainConstraints>false</useDomainConstraints>
<use>1</use>
<logicalDatatype>LOGDT007</logicalDatatype>
<ownDataTypeParameters>,,</ownDataTypeParameters>
</Attribute>
<Attribute name="quote_no" id="C4FB13FF-39BD-9834-A71F-5899892F7028">
<createdBy>josh</createdBy>
<createdTime>2022-09-11 03:00:14 UTC</createdTime>
<commentInRDBMS><![CDATA[quote  number]]></commentInRDBMS>
<generatorID>3002F64C-5E3F-425E-DEE6-67D052CBD8D8</generatorID>
<ownerDesignName>monash_haulers</ownerDesignName>
<engineerTo>
<item key="F4D6C245-BA09-4191-3142-318B37870F57" value="true"/>
</engineerTo>
<referedAttribute>5959E60F-6047-09AE-33F8-E05F9AF480F1</referedAttribute>
<useDomainConstraints>false</useDomainConstraints>
<use>1</use>
<logicalDatatype>LOGDT025</logicalDatatype>
<dataTypeSize>4</dataTypeSize>
<ownDataTypeParameters>4,,</ownDataTypeParameters>
</Attribute>
<Attribute name="truck_trail_no" id="62EA209F-5454-84C1-6BD7-4CDEF04D2101">
<createdBy>josh</createdBy>
<createdTime>2022-09-13 03:50:27 UTC</createdTime>
<commentInRDBMS><![CDATA[surrogate key for TRUCK_TRAIL_COMBO]]></commentInRDBMS>
<generatorID>BA623E2C-DE4D-4BBE-0606-819EECE06555</generatorID>
<ownerDesignName>monash_haulers</ownerDesignName>
<engineerTo>
<item key="F4D6C245-BA09-4191-3142-318B37870F57" value="true"/>
</engineerTo>
<referedAttribute>42151DAF-5237-1390-D19A-12B0942973CC</referedAttribute>
<useDomainConstraints>false</useDomainConstraints>
<use>1</use>
<logicalDatatype>LOGDT025</logicalDatatype>
<dataTypeSize>5</dataTypeSize>
<ownDataTypeParameters>5,,</ownDataTypeParameters>
</Attribute>
<Attribute name="emp_no" id="2E479024-936E-8B6F-64F8-3B30088DB75B">
<createdBy>josh</createdBy>
<createdTime>2022-09-13 09:46:43 UTC</createdTime>
<commentInRDBMS><![CDATA[employee number]]></commentInRDBMS>
<generatorID>5527F93B-AC91-3239-2E7A-36495E54FCA6</generatorID>
<ownerDesignName>monash_haulers</ownerDesignName>
<engineerTo>
<item key="F4D6C245-BA09-4191-3142-318B37870F57" value="true"/>
</engineerTo>
<referedAttribute>08E43FF2-307C-46D9-858E-3856550115BC</referedAttribute>
<useDomainConstraints>false</useDomainConstraints>
<use>1</use>
<logicalDatatype>LOGDT025</logicalDatatype>
<dataTypeSize>6</dataTypeSize>
<ownDataTypeParameters>,,</ownDataTypeParameters>
</Attribute>
<Attribute name="emp_no1" id="0E123829-3F2E-7D90-BE0D-3B973E77C62C">
<createdBy>josh</createdBy>
<createdTime>2022-09-13 09:48:31 UTC</createdTime>
<commentInRDBMS><![CDATA[employee number]]></commentInRDBMS>
<generatorID>983A4262-9331-8D98-A9D5-5A59D7A4DA3E</generatorID>
<ownerDesignName>monash_haulers</ownerDesignName>
<engineerTo>
<item key="F4D6C245-BA09-4191-3142-318B37870F57" value="true"/>
</engineerTo>
<referedAttribute>08E43FF2-307C-46D9-858E-3856550115BC</referedAttribute>
<useDomainConstraints>false</useDomainConstraints>
<use>1</use>
<logicalDatatype>LOGDT025</logicalDatatype>
<dataTypeSize>6</dataTypeSize>
<ownDataTypeParameters>6,,</ownDataTypeParameters>
</Attribute>
</attributes>
<identifiers itemClass="oracle.dbtools.crest.model.design.logical.CandidateKey">
<identifier id="B43C7C9C-5CED-C49C-468B-1559C018127D" name="JOB PK">
<createdBy>josh</createdBy>
<createdTime>2022-09-10 04:39:14 UTC</createdTime>
<ownerDesignName>monash_haulers</ownerDesignName>
<shouldEngineer>false</shouldEngineer>
<engineerTo>
<item key="F4D6C245-BA09-4191-3142-318B37870F57" value="false"/>
</engineerTo>
<pk>true</pk>
<usedAttributes>
<attributeRef>D3C12AE1-B806-8741-673B-19E7C1FDE0E2</attributeRef>
</usedAttributes>
</identifier>
</identifiers>
</Entity>
