<?xml version = '1.0' encoding = 'UTF-8'?>
<Relation class="oracle.dbtools.crest.model.design.logical.Relation" name="trucktype_trailer" directorySegmentName="seg_0" id="0F59FCF6-9EC4-8056-0165-3F0777295D63">
<createdBy>josh</createdBy>
<createdTime>2022-09-13 11:07:54 UTC</createdTime>
<ownerDesignName>monash_haulers</ownerDesignName>
<engineerTo>
<item key="F4D6C245-BA09-4191-3142-318B37870F57" value="true"/>
</engineerTo>
<sourcePk>C388AD2B-DD61-8247-9C8A-F73D932C17F6</sourcePk>
<identifying>false</identifying>
<nameOnSource>has </nameOnSource>
<nameOnTarget> </nameOnTarget>
<optionalSource>false</optionalSource>
<optionalTarget>false</optionalTarget>
<sourceCardinality>1</sourceCardinality>
<sourceEntity>83BA24DF-0226-C46C-F69A-F1D5D0A6D83E</sourceEntity>
<targetCardinalityString>*</targetCardinalityString>
<targetEntity>B83AEA3F-8B8A-05D6-31EA-16CC97877957</targetEntity>
<transferable>true</transferable>
<deleteRule>NO ACTION</deleteRule>
</Relation>
