<?xml version = '1.0' encoding = 'UTF-8'?>
<Relation class="oracle.dbtools.crest.model.design.logical.Relation" name="Employee" directorySegmentName="seg_0" id="1FFA9614-4ABA-44D1-CDD4-6A9B0F10FC14">
<createdBy>sneha</createdBy>
<createdTime>2022-09-11 05:58:35 UTC</createdTime>
<ownerDesignName>monash_haulers</ownerDesignName>
<targetPk>464B106F-49FC-CD1A-2451-8905D38839B2</targetPk>
<identifying>false</identifying>
<nameOnSource>manages</nameOnSource>
<nameOnTarget> </nameOnTarget>
<optionalSource>true</optionalSource>
<optionalTarget>true</optionalTarget>
<sourceCardinality>*</sourceCardinality>
<sourceEntity>CE48EDE6-B52F-41E6-56D9-04F1AA7ACD8C</sourceEntity>
<targetCardinalityString>1</targetCardinalityString>
<targetEntity>CE48EDE6-B52F-41E6-56D9-04F1AA7ACD8C</targetEntity>
<transferable>true</transferable>
<deleteRule>NO ACTION</deleteRule>
</Relation>
