<?xml version = '1.0' encoding = 'UTF-8'?>
<Relation class="oracle.dbtools.crest.model.design.logical.Relation" name="trucktype_truck" directorySegmentName="seg_0" id="20681913-BE4D-472E-83B2-AB903798918F">
<createdBy>josh</createdBy>
<createdTime>2022-09-13 11:19:31 UTC</createdTime>
<ownerDesignName>monash_haulers</ownerDesignName>
<engineerTo>
<item key="F4D6C245-BA09-4191-3142-318B37870F57" value="true"/>
</engineerTo>
<sourcePk>E407B01D-7390-05FD-4160-2C49F9205224</sourcePk>
<identifying>false</identifying>
<nameOnSource>includes</nameOnSource>
<nameOnTarget> </nameOnTarget>
<optionalSource>false</optionalSource>
<optionalTarget>false</optionalTarget>
<sourceCardinality>1</sourceCardinality>
<sourceEntity>7A24D2F3-9D5B-E56D-33D3-2691692370D7</sourceEntity>
<targetCardinalityString>*</targetCardinalityString>
<targetEntity>C52865E6-73F9-F026-0D4E-03FFE5EEE927</targetEntity>
<transferable>true</transferable>
<deleteRule>NO ACTION</deleteRule>
</Relation>
