<?xml version = '1.0' encoding = 'UTF-8'?>
<Relation class="oracle.dbtools.crest.model.design.logical.Relation" name="truck_trucktrailcombo" directorySegmentName="seg_0" id="2E224741-2BD3-51F2-C1A1-55018EE54955">
<createdBy>josh</createdBy>
<createdTime>2022-09-12 11:05:30 UTC</createdTime>
<ownerDesignName>monash_haulers</ownerDesignName>
<sourcePk>2E12CB00-5849-51FA-A04F-F84EC49DF880</sourcePk>
<identifying>false</identifying>
<nameOnSource>assigns_to</nameOnSource>
<nameOnTarget> </nameOnTarget>
<optionalSource>true</optionalSource>
<optionalTarget>false</optionalTarget>
<sourceCardinality>1</sourceCardinality>
<sourceEntity>C52865E6-73F9-F026-0D4E-03FFE5EEE927</sourceEntity>
<targetCardinalityString>*</targetCardinalityString>
<targetEntity>4FC55C6B-8D67-51B3-7952-06F7B4349FC5</targetEntity>
<transferable>true</transferable>
<deleteRule>NO ACTION</deleteRule>
</Relation>
