<?xml version = '1.0' encoding = 'UTF-8'?>
<Relation class="oracle.dbtools.crest.model.design.logical.Relation" name="quote_job" directorySegmentName="seg_0" id="3002F64C-5E3F-425E-DEE6-67D052CBD8D8">
<createdBy>josh</createdBy>
<createdTime>2022-09-11 03:00:14 UTC</createdTime>
<ownerDesignName>monash_haulers</ownerDesignName>
<sourcePk>E40DF061-0F96-57C9-7A8C-C9A4FF476EA0</sourcePk>
<targetPk>B43C7C9C-5CED-C49C-468B-1559C018127D</targetPk>
<identifying>false</identifying>
<nameOnSource>assigns</nameOnSource>
<nameOnTarget> </nameOnTarget>
<optionalSource>true</optionalSource>
<optionalTarget>false</optionalTarget>
<sourceCardinality>1</sourceCardinality>
<sourceEntity>AAF6DDB8-81A1-2050-17FD-8E55205C5E23</sourceEntity>
<targetCardinalityString>1</targetCardinalityString>
<targetEntity>F25D5507-76B1-B5E0-4CED-17ACF767F15E</targetEntity>
<transferable>true</transferable>
<deleteRule>NO ACTION</deleteRule>
</Relation>
