<?xml version = '1.0' encoding = 'UTF-8'?>
<Relation class="oracle.dbtools.crest.model.design.logical.Relation" name="employee_quote" directorySegmentName="seg_0" id="46A83096-91AC-1CC7-018A-1C59FE87B07D">
<createdBy>josh</createdBy>
<createdTime>2022-09-11 02:59:02 UTC</createdTime>
<ownerDesignName>monash_haulers</ownerDesignName>
<sourcePk>464B106F-49FC-CD1A-2451-8905D38839B2</sourcePk>
<identifying>false</identifying>
<nameOnSource>provides</nameOnSource>
<nameOnTarget> </nameOnTarget>
<optionalSource>true</optionalSource>
<optionalTarget>false</optionalTarget>
<sourceCardinality>1</sourceCardinality>
<sourceEntity>CE48EDE6-B52F-41E6-56D9-04F1AA7ACD8C</sourceEntity>
<targetCardinalityString>*</targetCardinalityString>
<targetEntity>AAF6DDB8-81A1-2050-17FD-8E55205C5E23</targetEntity>
<transferable>true</transferable>
<deleteRule>NO ACTION</deleteRule>
</Relation>
