<?xml version = '1.0' encoding = 'UTF-8'?>
<Relation class="oracle.dbtools.crest.model.design.logical.Relation" name="employee_job" directorySegmentName="seg_0" id="5527F93B-AC91-3239-2E7A-36495E54FCA6">
<createdBy>josh</createdBy>
<createdTime>2022-09-11 03:02:05 UTC</createdTime>
<ownerDesignName>monash_haulers</ownerDesignName>
<sourcePk>464B106F-49FC-CD1A-2451-8905D38839B2</sourcePk>
<identifying>false</identifying>
<nameOnSource>faciltates</nameOnSource>
<nameOnTarget> </nameOnTarget>
<optionalSource>true</optionalSource>
<optionalTarget>false</optionalTarget>
<sourceCardinality>1</sourceCardinality>
<sourceEntity>CE48EDE6-B52F-41E6-56D9-04F1AA7ACD8C</sourceEntity>
<targetCardinalityString>*</targetCardinalityString>
<targetEntity>F25D5507-76B1-B5E0-4CED-17ACF767F15E</targetEntity>
<transferable>true</transferable>
<deleteRule>NO ACTION</deleteRule>
</Relation>
