<?xml version = '1.0' encoding = 'UTF-8'?>
<Relation class="oracle.dbtools.crest.model.design.logical.Relation" name="purpose_trucktrailcombo" directorySegmentName="seg_0" id="603C0C93-BB1A-0DCE-9B90-40DB3FE21283">
<createdBy>josh</createdBy>
<createdTime>2022-09-13 03:39:25 UTC</createdTime>
<ownerDesignName>monash_haulers</ownerDesignName>
<sourcePk>3325B3A6-100F-C999-4C53-0CE41EB6B2CA</sourcePk>
<identifying>false</identifying>
<nameOnSource>has</nameOnSource>
<nameOnTarget> </nameOnTarget>
<optionalSource>true</optionalSource>
<optionalTarget>false</optionalTarget>
<sourceCardinality>1</sourceCardinality>
<sourceEntity>B0E89A61-1DA9-63CB-87FA-7FAD96FB7E87</sourceEntity>
<targetCardinalityString>*</targetCardinalityString>
<targetEntity>4FC55C6B-8D67-51B3-7952-06F7B4349FC5</targetEntity>
<transferable>true</transferable>
<deleteRule>NO ACTION</deleteRule>
</Relation>
