<?xml version = '1.0' encoding = 'UTF-8'?>
<Relation class="oracle.dbtools.crest.model.design.logical.Relation" name="customer_quote" directorySegmentName="seg_0" id="625BAFBA-F5DA-C0C8-5D9D-D8AC1EC8C067">
<createdBy>josh</createdBy>
<createdTime>2022-09-11 02:48:40 UTC</createdTime>
<ownerDesignName>monash_haulers</ownerDesignName>
<sourcePk>09A79032-73F7-F098-4143-E33DF51E474A</sourcePk>
<identifying>false</identifying>
<nameOnSource>recieves</nameOnSource>
<nameOnTarget> </nameOnTarget>
<optionalSource>false</optionalSource>
<optionalTarget>false</optionalTarget>
<sourceCardinality>1</sourceCardinality>
<sourceEntity>AE1E7B49-8D44-B835-C6BE-5E333A36BD8B</sourceEntity>
<targetCardinalityString>*</targetCardinalityString>
<targetEntity>AAF6DDB8-81A1-2050-17FD-8E55205C5E23</targetEntity>
<transferable>true</transferable>
<deleteRule>NO ACTION</deleteRule>
</Relation>
