<?xml version = '1.0' encoding = 'UTF-8'?>
<Relation class="oracle.dbtools.crest.model.design.logical.Relation" name="trailerclass_trailertype" directorySegmentName="seg_0" id="6DA94B6E-6896-5088-11A0-B85EB183D4B0">
<createdBy>josh</createdBy>
<createdTime>2022-09-13 11:05:39 UTC</createdTime>
<ownerDesignName>monash_haulers</ownerDesignName>
<engineerTo>
<item key="F4D6C245-BA09-4191-3142-318B37870F57" value="true"/>
</engineerTo>
<sourcePk>6BA60FB6-239D-8A80-04A8-0F2B14984425</sourcePk>
<identifying>false</identifying>
<nameOnSource>includes</nameOnSource>
<nameOnTarget> </nameOnTarget>
<optionalSource>false</optionalSource>
<optionalTarget>false</optionalTarget>
<sourceCardinality>1</sourceCardinality>
<sourceEntity>595EAF88-19D9-C27A-A509-4E4C8B618F35</sourceEntity>
<targetCardinalityString>*</targetCardinalityString>
<targetEntity>83BA24DF-0226-C46C-F69A-F1D5D0A6D83E</targetEntity>
<transferable>true</transferable>
<deleteRule>NO ACTION</deleteRule>
</Relation>
