<?xml version = '1.0' encoding = 'UTF-8'?>
<Relation class="oracle.dbtools.crest.model.design.logical.Relation" name="truckclass_trucktype" directorySegmentName="seg_0" id="83140D28-05D3-8351-F202-5C12F854D798">
<createdBy>josh</createdBy>
<createdTime>2022-09-13 11:18:10 UTC</createdTime>
<ownerDesignName>monash_haulers</ownerDesignName>
<engineerTo>
<item key="F4D6C245-BA09-4191-3142-318B37870F57" value="true"/>
</engineerTo>
<sourcePk>5DBE8A42-2A0F-2DE8-13E2-4880326161A9</sourcePk>
<identifying>false</identifying>
<nameOnSource>includes</nameOnSource>
<nameOnTarget> </nameOnTarget>
<optionalSource>false</optionalSource>
<optionalTarget>false</optionalTarget>
<sourceCardinality>1</sourceCardinality>
<sourceEntity>CDBA733B-954A-43F3-F574-3EED60DE7F77</sourceEntity>
<targetCardinalityString>*</targetCardinalityString>
<targetEntity>7A24D2F3-9D5B-E56D-33D3-2691692370D7</targetEntity>
<transferable>true</transferable>
<deleteRule>NO ACTION</deleteRule>
</Relation>
