<?xml version = '1.0' encoding = 'UTF-8'?>
<Relation class="oracle.dbtools.crest.model.design.logical.Relation" name="trailer_trucktrailcombo" directorySegmentName="seg_0" id="87C6ED77-2D18-E36C-484D-D93E0AB4A1E7">
<createdBy>josh</createdBy>
<createdTime>2022-09-12 04:33:14 UTC</createdTime>
<ownerDesignName>monash_haulers</ownerDesignName>
<sourcePk>303AB7DF-E23D-B6A3-1882-F3510E528BFF</sourcePk>
<identifying>false</identifying>
<nameOnSource>assigns to</nameOnSource>
<nameOnTarget> </nameOnTarget>
<optionalSource>true</optionalSource>
<optionalTarget>false</optionalTarget>
<sourceCardinality>1</sourceCardinality>
<sourceEntity>B83AEA3F-8B8A-05D6-31EA-16CC97877957</sourceEntity>
<targetCardinalityString>*</targetCardinalityString>
<targetEntity>4FC55C6B-8D67-51B3-7952-06F7B4349FC5</targetEntity>
<transferable>true</transferable>
<deleteRule>NO ACTION</deleteRule>
</Relation>
