<?xml version = '1.0' encoding = 'UTF-8'?>
<Relation class="oracle.dbtools.crest.model.design.logical.Relation" name="employee_job2" directorySegmentName="seg_0" id="983A4262-9331-8D98-A9D5-5A59D7A4DA3E">
<createdBy>josh</createdBy>
<createdTime>2022-09-13 09:48:31 UTC</createdTime>
<ownerDesignName>monash_haulers</ownerDesignName>
<sourcePk>464B106F-49FC-CD1A-2451-8905D38839B2</sourcePk>
<identifying>false</identifying>
<nameOnSource>drives</nameOnSource>
<nameOnTarget> </nameOnTarget>
<optionalSource>true</optionalSource>
<optionalTarget>false</optionalTarget>
<sourceCardinality>1</sourceCardinality>
<sourceEntity>CE48EDE6-B52F-41E6-56D9-04F1AA7ACD8C</sourceEntity>
<targetCardinalityString>*</targetCardinalityString>
<targetEntity>F25D5507-76B1-B5E0-4CED-17ACF767F15E</targetEntity>
<transferable>true</transferable>
<deleteRule>NO ACTION</deleteRule>
</Relation>
