<?xml version = '1.0' encoding = 'UTF-8'?>
<Relation class="oracle.dbtools.crest.model.design.logical.Relation" name="trucktrailcombo_job" directorySegmentName="seg_0" id="BA623E2C-DE4D-4BBE-0606-819EECE06555">
<createdBy>josh</createdBy>
<createdTime>2022-09-12 04:38:13 UTC</createdTime>
<ownerDesignName>monash_haulers</ownerDesignName>
<sourcePk>8DAB54F8-80B7-2575-D8BB-F2DB4439BFD4</sourcePk>
<identifying>false</identifying>
<nameOnSource>assigned to</nameOnSource>
<nameOnTarget> </nameOnTarget>
<optionalSource>true</optionalSource>
<optionalTarget>false</optionalTarget>
<sourceCardinality>1</sourceCardinality>
<sourceEntity>4FC55C6B-8D67-51B3-7952-06F7B4349FC5</sourceEntity>
<targetCardinalityString>*</targetCardinalityString>
<targetEntity>F25D5507-76B1-B5E0-4CED-17ACF767F15E</targetEntity>
<transferable>true</transferable>
<deleteRule>NO ACTION</deleteRule>
</Relation>
