<?xml version = '1.0' encoding = 'UTF-8'?>
<relationalModel class="oracle.dbtools.crest.model.design.relational.RelationalDesign" name="Relational_1" id="F4D6C245-BA09-4191-3142-318B37870F57" mainViewID="51E4C5A2-D8C0-2C8D-7BC1-7437FE6BFC6A">
<createdBy>josh</createdBy>
<createdTime>2022-09-13 10:18:20 UTC</createdTime>
<ownerDesignName>monash_haulers</ownerDesignName>
<shouldBeOpen>false</shouldBeOpen>
<selectedRDBMSSite>3FD120B5-9F4E-6278-D5E2-746D192C8319</selectedRDBMSSite>
</relationalModel>
